title,description,content,url,author,publish_date,source,sentiment_title,sentiment_description,date,title_des
ibms enterprise ai strategy trust scale results,ibms ai straetgy brings together software red hat foundation models ibm research customer enablement ibm consulting broad partner ecosystem,"I
Watsonx AI IBM generative AI platform displayed on a smartphone. On 10 August 2023 in Brussels, ... More Belgium. (Photo illustration by Jonathan Raa/NurPhoto via Getty Images)
NurPhoto via Getty… [+7294 chars]",https://www.forbes.com/sites/stevemcdowell/2025/03/31/ibms-enterprise-ai-strategy-trust-scale-and-results/,"Steve McDowell, Contributor, 
 Steve McDowell, Contributor
 https://www.forbes.com/sites/stevemcdowell/",2025-04-01T01:29:16Z,Forbes,0.0,0.03125,2025-04-01 01:29:16+00:00,ibms enterprise ai strategy trust scale results ibms ai straetgy brings together software red hat foundation models ibm research customer enablement ibm consulting broad partner ecosystem
us government says save myear getting rid magnetic tape still place tape,doge didnt say new media referring modern digital records,"<ul><li>US GSA has decommissioned 14,000 tapes and an unknown amount of tape drives</li><li>The data was moved to a new, unknown media platform that appears to have WORM capabilities</li><li>US GSA c… [+4113 chars]",https://www.techradar.com/pro/us-government-says-it-will-save-usd1m-year-by-getting-rid-of-magnetic-tape-so-is-there-still-a-place-for-tape-in-2025,desire.athow@futurenet.com (Desire Athow),2025-04-07T10:15:00Z,TechRadar,0.0,0.11212121212121212,2025-04-07 10:15:00+00:00,us government says save myear getting rid magnetic tape still place tape doge didnt say new media referring modern digital records
intel refreshes iconic brand thats power intel inside campaign,intel revives redefines iconic intel inside campaign new slogan thats power intel inside company aims reconnect legacy brand todays pervasive role technology highlight impact products,"Ever since Intel launched its ‘Intel Inside’ campaign in 1991, its brand identity has become inseparable not only from PCs that contained its processors but also from PCs and ICT at large. However, a… [+3382 chars]",https://www.tomshardware.com/tech-industry/intel-refreshes-iconic-brand-with-thats-the-power-of-intel-inside-campaign,ashilov@gmail.com (Anton Shilov),2025-04-03T11:12:03Z,Tom's Hardware UK,0.5,0.3181818181818182,2025-04-03 11:12:03+00:00,intel refreshes iconic brand thats power intel inside campaign intel revives redefines iconic intel inside campaign new slogan thats power intel inside company aims reconnect legacy brand todays pervasive role technology highlight impact products
costsaver growth engine businesses unlock ais full potential,moving beyond experimentation enterprises asia pacific must turn attention ai evolve costcutting tool driver revenue growth according apac ai outlook report commissioned ibm,"Over the past year, 71 per cent of generative AI (GenAI) investments have been directed toward cost-cutting initiatives in support functions like human resources and IT. However, this focus is expect… [+1053 chars]",https://www.channelnewsasia.com/brand-studio/cost-saver-growth-engine-how-businesses-can-unlock-ais-full-potential-4995246,,2025-04-02T01:23:42Z,CNA,0.175,0.0,2025-04-02 01:23:42+00:00,costsaver growth engine businesses unlock ais full potential moving beyond experimentation enterprises asia pacific must turn attention ai evolve costcutting tool driver revenue growth according apac ai outlook report commissioned ibm
anticipating google cloud next cloud data ai advancements,years event expected reach beyond simply showcasing new features offering look direction cloud data ai googles perspective,"The main stage at Google Cloud Next 2024.
Google
Google is set to showcase some of its latest work in data management, artificial intelligence and cloud technology at its Google Cloud Next 2025 eve… [+11190 chars]",https://www.forbes.com/sites/moorinsights/2025/04/02/anticipating-google-cloud-next-2025-cloud-data-and-ai-advancements/,"Robert Kramer, Contributor, 
 Robert Kramer, Contributor
 https://www.forbes.com/sites/moorinsights/people/robertkramer/",2025-04-02T20:47:19Z,Forbes,0.0,0.012121212121212116,2025-04-02 20:47:19+00:00,anticipating google cloud next cloud data ai advancements years event expected reach beyond simply showcasing new features offering look direction cloud data ai googles perspective
good management good strategy,guest post greg satell one annoying things hear leaders great strategy couldnt execute thats simply possible cant execute great strategy likely fantasy cook,"GUEST POST from Greg Satell
One of the most annoying things I hear from leaders is that we had a great strategy, but just couldnt execute it. Thats simply not possible. If you cant execute it, its n… [+7238 chars]",https://bradenkelley.com/2025/04/good-management-is-not-good-strategy/,Greg Satell,2025-04-07T12:00:00Z,Bradenkelley.com,0.7,0.16,2025-04-07 12:00:00+00:00,good management good strategy guest post greg satell one annoying things hear leaders great strategy couldnt execute thats simply possible cant execute great strategy likely fantasy cook
ibm openai years winning failed strategies microsoft,microsoft celebrates th anniversary article written using microsoft word computer running microsoft windows likely published platforms hosted microsoft azure including linkedin microsoft subsidiary,"Microsoft celebrates its 50th anniversary. This article was written using Microsoft Word on a computer running Microsoft Windows. It is likely to be published on platforms hosted by Microsoft Azure, … [+9766 chars]",https://techxplore.com/news/2025-04-ibm-openai-years-strategies-microsoft.html,Frédéric Fréry,2025-04-02T18:40:02Z,Tech Xplore,0.0,0.0,2025-04-02 18:40:02+00:00,ibm openai years winning failed strategies microsoft microsoft celebrates th anniversary article written using microsoft word computer running microsoft windows likely published platforms hosted microsoft azure including linkedin microsoft subsidiary
microsoft turns ai make even powerful,personal computers cloud services microsoft revolutionized workplace decades th anniversary critics warn ai could make tech giant dominant ever,"Whether in offices, classrooms, or even agriculture, Microsoft technologies are omnipresent today. With its Windows operating system, the company transformed computing, making personal computers acce… [+6070 chars]",https://www.dw.com/en/microsoft-turns-50-will-ai-make-it-even-more-powerful/a-72130355,Enno Hinz,2025-04-04T06:37:00Z,DW (English),0.3,0.0,2025-04-04 06:37:00+00:00,microsoft turns ai make even powerful personal computers cloud services microsoft revolutionized workplace decades th anniversary critics warn ai could make tech giant dominant ever
zero trust network access strategic business report competitive analysis akamai broadcom check point software cisco systems cloudflare crowdstrike forcepoint fortinet ibm okta,understand significant growth trajectory onpremise deployment segment expected reach us billion cagr cloud deployment segment also set grow cagr analysis period gain insights,"Dublin, April 03, 2025 (GLOBE NEWSWIRE) -- The ""Zero Trust Network Access - Global Strategic Business Report"" report has been added to ResearchAndMarkets.com's offering.
The global market for Zero T… [+6951 chars]",https://www.globenewswire.com/news-release/2025/04/03/3055338/28124/en/Zero-Trust-Network-Access-Strategic-Business-Report-2024-2030-Competitive-Analysis-of-Akamai-Broadcom-Check-Point-Software-Cisco-Systems-CloudFlare-Crowdstrike-Forcepoint-Fortinet-.html,Research and Markets,2025-04-03T14:39:00Z,GlobeNewswire,0.0,0.1375,2025-04-03 14:39:00+00:00,zero trust network access strategic business report competitive analysis akamai broadcom check point software cisco systems cloudflare crowdstrike forcepoint fortinet ibm okta understand significant growth trajectory onpremise deployment segment expected reach us billion cagr cloud deployment segment also set grow cagr analysis period gain insights
citizen services ai market grow exponentially reaching billion maximizing market growth automation ai integration,regional trends shaping future citizen services ai industry regional trends shaping future citizen services ai industry,"Dublin, April 03, 2025 (GLOBE NEWSWIRE) -- The ""Citizen Services AI Market Report 2025"" has been added to ResearchAndMarkets.com's offering.
The citizen services AI market size has grown exponential… [+9413 chars]",https://www.globenewswire.com/news-release/2025/04/03/3055038/28124/en/Citizen-Services-AI-Market-to-Grow-Exponentially-Reaching-43-52-Billion-by-2029-Maximizing-Market-Growth-with-Automation-and-AI-Integration.html,Research and Markets,2025-04-03T11:52:00Z,GlobeNewswire,0.0,0.0,2025-04-03 11:52:00+00:00,citizen services ai market grow exponentially reaching billion maximizing market growth automation ai integration regional trends shaping future citizen services ai industry regional trends shaping future citizen services ai industry
enterprise agile planning eap market disruptions billion opportunity vendors cant afford miss,sustainable growth ahead eap market estimated billion sustainable growth ahead eap market estimated billion,"Middleton, Massachusetts, April 07, 2025 (GLOBE NEWSWIRE) -- QKS Group, a premier market intelligence and advisory firm, has released its latest in-depth analysis of the global Enterprise Agile Plann… [+4878 chars]",https://www.globenewswire.com/news-release/2025/04/07/3056957/0/en/Enterprise-Agile-Planning-EAP-Market-Disruptions-The-3-6-Billion-Opportunity-Vendors-Can-t-Afford-to-Miss.html,QKS Group,2025-04-07T15:00:00Z,GlobeNewswire,0.5,0.0,2025-04-07 15:00:00+00:00,enterprise agile planning eap market disruptions billion opportunity vendors cant afford miss sustainable growth ahead eap market estimated billion sustainable growth ahead eap market estimated billion
cloud point sale pos market report billion billion exponential rise cloud pos market,presents detailed analysis key players par technology corp cegid group celerant technology clover network square presents detailed analysis key players par technology corp cegid group celerant technology clover network square,"Dublin, April 04, 2025 (GLOBE NEWSWIRE) -- The ""Cloud Point of Sale (PoS) Market Report 2025"" has been added to ResearchAndMarkets.com's offering.
The cloud point of sale (PoS) market size has grown… [+7969 chars]",https://www.globenewswire.com/news-release/2025/04/04/3056008/28124/en/Cloud-Point-of-Sale-PoS-Market-Report-2025-2029-2034-From-8-37-Billion-to-20-67-Billion-The-Exponential-Rise-of-the-Cloud-PoS-Market.html,Research and Markets,2025-04-04T13:55:00Z,GlobeNewswire,0.0,0.2,2025-04-04 13:55:00+00:00,cloud point sale pos market report billion billion exponential rise cloud pos market presents detailed analysis key players par technology corp cegid group celerant technology clover network square presents detailed analysis key players par technology corp cegid group celerant technology clover network square
customer data management meets inflection point,fragmented stacks realtime demands privacy constraints rewriting rules unified data strategy continue reading,"The Gist
<ul><li>Unified platforms eliminate silos.Modern data platforms integrate systems across environments, creating a single customer view that improves CX and decision-making.</li><li>AI drive… [+18685 chars]",https://www.cmswire.com/customer-experience/customer-data-management-meets-its-inflection-point/,pr@cmswire.com (Scott Clark),2025-04-03T11:02:34Z,CMSWire,0.0,0.0,2025-04-03 11:02:34+00:00,customer data management meets inflection point fragmented stacks realtime demands privacy constraints rewriting rules unified data strategy continue reading
robotic process automation rpa market disruptions billion opportunity vendors cant afford miss,sustainable growth ahead rpa market estimated billion sustainable growth ahead rpa market estimated billion,"Middleton, Massachusetts, April 01, 2025 (GLOBE NEWSWIRE) -- QKS Group, a premier market intelligence and advisory firm, has released its latest in-depth analysis of the global Robotic Process Automa… [+4766 chars]",https://www.globenewswire.com/news-release/2025/04/01/3053094/0/en/Robotic-Process-Automation-RPA-Market-Disruptions-The-7-9-Billion-Opportunity-Vendors-Can-t-Afford-to-Miss.html,QKS Group,2025-04-01T10:00:00Z,GlobeNewswire,-0.1,0.0,2025-04-01 10:00:00+00:00,robotic process automation rpa market disruptions billion opportunity vendors cant afford miss sustainable growth ahead rpa market estimated billion sustainable growth ahead rpa market estimated billion
telecom billing wireless fixed line outsourcing business report focus ensuring regulatory compliance fraud management propels market growth,understand significant growth trajectory wireless billing segment expected reach us billion cagr fixed line billing segment also set grow cagr analysis period gain insights,"Dublin, April 07, 2025 (GLOBE NEWSWIRE) -- The ""Telecom Billing Outsourcing - Global Strategic Business Report"" report has been added to ResearchAndMarkets.com's offering.
The global market for Tele… [+6681 chars]",https://www.globenewswire.com/news-release/2025/04/07/3056600/28124/en/Telecom-Billing-Wireless-Fixed-Line-Outsourcing-Business-Report-2024-2030-Focus-on-Ensuring-Regulatory-Compliance-and-Fraud-Management-Propels-Market-Growth.html,Research and Markets,2025-04-07T11:33:00Z,GlobeNewswire,0.1,0.125,2025-04-07 11:33:00+00:00,telecom billing wireless fixed line outsourcing business report focus ensuring regulatory compliance fraud management propels market growth understand significant growth trajectory wireless billing segment expected reach us billion cagr fixed line billing segment also set grow cagr analysis period gain insights
fortune names scripps health best companies list,scripps makes national ranking th time san diego company honored scripps makes national ranking th time san diego company honored,"SAN DIEGO, April 02, 2025 (GLOBE NEWSWIRE) -- Scripps Health has been named one of the top employers in the nation by Fortune magazine for the 17th time. The San Diego organization is the only employ… [+8135 chars]",https://www.globenewswire.com/news-release/2025/04/02/3054488/0/en/Fortune-Names-Scripps-Health-to-Its-100-Best-Companies-List.html,Scripps Health,2025-04-02T15:16:00Z,GlobeNewswire,1.0,0.0,2025-04-02 15:16:00+00:00,fortune names scripps health best companies list scripps makes national ranking th time san diego company honored scripps makes national ranking th time san diego company honored
financial automation business analysis report aipowered tools propel growth decisionmaking regulatory compliance requirements drive adoption global market forecast,understand significant growth trajectory tax automation segment expected reach us billion cagr accounting automation segment also set grow cagr analysis period gain insights,"Dublin, April 03, 2025 (GLOBE NEWSWIRE) -- The ""Financial Automation - Global Strategic Business Report"" report has been added to ResearchAndMarkets.com's offering.
The global market for Financial A… [+9260 chars]",https://www.globenewswire.com/news-release/2025/04/03/3055330/28124/en/Financial-Automation-Business-Analysis-Report-2025-AI-Powered-Tools-Propel-Growth-in-Decision-Making-Regulatory-Compliance-Requirements-Drive-Adoption-Global-Market-Forecast-to-203.html,Research and Markets,2025-04-03T14:23:00Z,GlobeNewswire,0.0,0.1375,2025-04-03 14:23:00+00:00,financial automation business analysis report aipowered tools propel growth decisionmaking regulatory compliance requirements drive adoption global market forecast understand significant growth trajectory tax automation segment expected reach us billion cagr accounting automation segment also set grow cagr analysis period gain insights
ibm openai years winning failed strategies microsoft,fifty years creation eternity tech world bill gates paul allens company still look back microsofts success story,"Paul Allen (L) and Bill Gates in 1970 at Lakeside School in Seattle, Washington state, US. Microsoft was created five years later. Author unknown/Wikimedia
Microsoft celebrates its 50th anniversary.… [+9862 chars]",https://theconversation.com/from-ibm-to-openai-50-years-of-winning-and-failed-strategies-at-microsoft-253576,"Frédéric Fréry, Professeur de stratégie, CentraleSupélec, ESCP Business School",2025-04-02T13:08:27Z,The Conversation Africa,0.0,0.15,2025-04-02 13:08:27+00:00,ibm openai years winning failed strategies microsoft fifty years creation eternity tech world bill gates paul allens company still look back microsofts success story
intels gaudi ai accelerator available ibm cloud testing shows faster performance nvidias h h ai gpus,intels gaudi ai accelerator officially adopted ibm cloud marks first instance csp adopting gaudi portfolio exciting development ibm becomes first csp offer intels gaudi customers offering cost,"Intel's Gaudi 3 AI accelerator has officially been adopted by IBM Cloud. This marks the first instance of a CSP adopting Gaudi 3 into its portfolio, an exciting development.
Team Blue's AI venture h… [+2179 chars]",https://wccftech.com/intel-gaudi-3-ai-accelerator-now-available-at-ibm-cloud/,Muhammad Zuhair,2025-04-02T17:54:55Z,Wccftech,0.4,0.26666666666666666,2025-04-02 17:54:55+00:00,intels gaudi ai accelerator available ibm cloud testing shows faster performance nvidias h h ai gpus intels gaudi ai accelerator officially adopted ibm cloud marks first instance csp adopting gaudi portfolio exciting development ibm becomes first csp offer intels gaudi customers offering cost
mapping jensens world forecasting ai cloud enterprise robotics,midst fundamental transformation computing architectures moving world create data store retrieve harmonize present make better decisions world creates content know,"We are in the midst of a fundamental transformation of computing architectures.
Were moving from a world where we create data, store it, retrieve it, harmonize it and present it, so that we can make… [+21191 chars]",https://siliconangle.com/2025/04/06/mapping-jensens-world-forecasting-ai-cloud-enterprise-robotics/,Dave Vellante and David Floyer,2025-04-06T15:57:06Z,SiliconANGLE News,0.0,0.25,2025-04-06 15:57:06+00:00,mapping jensens world forecasting ai cloud enterprise robotics midst fundamental transformation computing architectures moving world create data store retrieve harmonize present make better decisions world creates content know
dave vellantes breaking analysis complete collection,breaking analysis weekly editorial program combining knowledge siliconangles thecube spending data enterprise technology research branded thecube insights powered etr program opportunity share independent unfiltere,"Breaking Analysis is a weekly editorial program combining knowledge from SiliconANGLEs theCUBE with spending data from Enterprise Technology Research.
Branded as theCUBE Insights, Powered by ETR, th… [+182839 chars]",https://siliconangle.com/2025/04/05/dave-vellantes-breaking-analysis-complete-collection/,Dave Vellante,2025-04-05T10:33:12Z,SiliconANGLE News,0.1,0.0,2025-04-05 10:33:12+00:00,dave vellantes breaking analysis complete collection breaking analysis weekly editorial program combining knowledge siliconangles thecube spending data enterprise technology research branded thecube insights powered etr program opportunity share independent unfiltere
tally solutions bookkeeper indias msmes harnessing ai software,making textile bobbins building homegrown accounting software developing aidriven financial solutions tally founding family seen lies ahead accounting software company loved msmes world,"Bengaluru: In the dying days of 2024, Bench Accounting, a Canadian software-as-a-service (SaaS) startup that offered accounting and tax reporting services to small and medium-sized businesses, went b… [+13989 chars]",https://www.livemint.com/companies/shopify-bain-capital-ventures-altos-ventures-tally-solutions-msme-microsoft-sap-intuit-zoho-quickbooks-aws-11743594033694.html,Leslie D'Monte,2025-04-02T12:34:02Z,Livemint,0.0,0.35,2025-04-02 12:34:02+00:00,tally solutions bookkeeper indias msmes harnessing ai software making textile bobbins building homegrown accounting software developing aidriven financial solutions tally founding family seen lies ahead accounting software company loved msmes world
japanese semiconductor giant rapidus accelerates efforts nm process amid interest google apple massproduction expected,rapidus emerging semiconductor company plans scale nm efforts tremendously upcoming years sees massive interest tech giants rapiduss nm process features bspdn gaa technologies making oneofakind implementation,"Rapidus, an emerging semiconductor company, plans to scale up its 2nm efforts tremendously in the upcoming years as it sees massive interest from tech giants.
The semiconductor supply chain has been… [+1936 chars]",https://wccftech.com/rapidus-accelerates-efforts-on-2nm-process-amid-interest-from-google-apple/,Muhammad Zuhair,2025-04-07T16:46:30Z,Wccftech,-0.03333333333333333,0.16666666666666666,2025-04-07 16:46:30+00:00,japanese semiconductor giant rapidus accelerates efforts nm process amid interest google apple massproduction expected rapidus emerging semiconductor company plans scale nm efforts tremendously upcoming years sees massive interest tech giants rapiduss nm process features bspdn gaa technologies making oneofakind implementation
reflections microsofts th take make,years microsoft still talking things different technologies copilot help redmond stick around another five decades sat microsofts th anniversary event friday watching three,"As I sat at Microsoft's 50th anniversary event on Friday, watching all three of the company's CEOsBill Gates, Steve Ballmer, and Satya Nadellaon stage, I couldn't help but think about the company's p… [+7493 chars]",https://uk.pcmag.com/opinion/157458/reflections-on-microsofts-50th-what-will-it-take-to-make-it-to-2075,Michael J. Miller,2025-04-07T14:55:47Z,PCMag.com,0.0,0.0,2025-04-07 14:55:47+00:00,reflections microsofts th take make years microsoft still talking things different technologies copilot help redmond stick around another five decades sat microsofts th anniversary event friday watching three
reflections microsofts th take make,years microsoft still talking things different technologies copilot help redmond stick around another five decades sat microsofts th anniversary event friday watching three,"As I sat at Microsoft's 50th anniversary event on Friday, watching all three of the company's CEOsBill Gates, Steve Ballmer, and Satya Nadellaon stage, I couldn't help but think about the company's p… [+7493 chars]",https://me.pcmag.com/en/opinion/29237/reflections-on-microsofts-50th-what-will-it-take-to-make-it-to-2075,Michael J. Miller,2025-04-07T14:55:47Z,PCMag.com,0.0,0.0,2025-04-07 14:55:47+00:00,reflections microsofts th take make years microsoft still talking things different technologies copilot help redmond stick around another five decades sat microsofts th anniversary event friday watching three
derivative disruptive chinese car brands finally ready us market,left field labss yann caloghiris explores despite potential tariffs chinese car brands could take pole position usin elon musk famously dismissed byds cars particularly attractive underlying technology,"Left Field Labss Yann Caloghiris explores how, despite the potential tariffs, Chinese car brands could take pole position in the US.In 2011, Elon Musk famously dismissed BYDs cars as not particularly… [+8108 chars]",https://www.thedrum.com/opinion/2025/04/02/derivative-disruptive-chinese-car-brands-are-finally-ready-the-us-market,Yann Caloghiris,2025-04-02T07:00:00Z,The Drum,0.1,0.26,2025-04-02 07:00:00+00:00,derivative disruptive chinese car brands finally ready us market left field labss yann caloghiris explores despite potential tariffs chinese car brands could take pole position usin elon musk famously dismissed byds cars particularly attractive underlying technology
visual history microsoft windows decades,microsoft turning nothing defined tech giant windows like weve loved versions desktop os othersnot much pcmag covered microsofts windows operating system first iteration right u,"PCMag has covered Microsoft's Windows operating system from its first iteration in 1985 right up to the current, heady days of Windows 11. Before Windows, we used and wrote about its predecessor, MS-… [+16121 chars]",https://uk.pcmag.com/operating-systems/157421/a-visual-history-microsoft-windows-over-the-decades,Michael Muchmore,2025-04-04T13:18:17Z,PCMag.com,0.0,0.2871428571428571,2025-04-04 13:18:17+00:00,visual history microsoft windows decades microsoft turning nothing defined tech giant windows like weve loved versions desktop os othersnot much pcmag covered microsofts windows operating system first iteration right u
visual history microsoft windows decades,microsoft turning nothing defined tech giant windows like weve loved versions desktop os othersnot much pcmag covered microsofts windows operating system first iteration right u,"PCMag has covered Microsoft's Windows operating system from its first iteration in 1985 right up to the current, heady days of Windows 11. Before Windows, we used and wrote about its predecessor, MS-… [+16121 chars]",https://me.pcmag.com/en/operating-systems/29199/a-visual-history-microsoft-windows-over-the-decades,Michael Muchmore,2025-04-04T13:18:17Z,PCMag.com,0.0,0.2871428571428571,2025-04-04 13:18:17+00:00,visual history microsoft windows decades microsoft turning nothing defined tech giant windows like weve loved versions desktop os othersnot much pcmag covered microsofts windows operating system first iteration right u
