0,1,2,3,4
ai,event,iteration,disruptions,point
significant,network,history,miss,make
set,tech,desktop,opportunity,things
gain,decades,os,data,simply
period,technologies,othersnot,estimated,likely
business,services,microsofts,sustainable,moving
trajectory,anniversary,decades,ahead,cloud
understand,make,tech,analysis,thats
accounting,ibm,loved,cloud,ai
report,ai,giant,automation,customer
software,microsofts,cloud,ai,enterprise
analysis,company,ai,growth,management
cagr,years,ibm,technology,data
segment,th,microsoft,billion,world
growth,microsoft,windows,market,strategy
