title,description,content,url,author,publish_date,source
"IBM’s Enterprise AI Strategy: Trust, Scale, And Results","IBM’s AI straetgy brings together software from Red Hat, foundation models from IBM Research, customer enablement from IBM Consulting, and a broad partner ecosystem.","I
Watsonx AI IBM generative AI platform displayed on a smartphone. On 10 August 2023 in Brussels, ... More Belgium. (Photo illustration by Jonathan Raa/NurPhoto via Getty Images)
NurPhoto via Getty… [+7294 chars]",https://www.forbes.com/sites/stevemcdowell/2025/03/31/ibms-enterprise-ai-strategy-trust-scale-and-results/,"Steve McDowell, Contributor, 
 Steve McDowell, Contributor
 https://www.forbes.com/sites/stevemcdowell/",2025-04-01T01:29:16Z,Forbes
US Government says it will save $1m/year by getting rid of magnetic tape – so is there still a place for tape in 2025?,DOGE didn’t say what the new media was only to referring to them as “modern digital records”,"<ul><li>US GSA has decommissioned 14,000 tapes and an unknown amount of tape drives</li><li>The data was moved to a new, unknown media platform that appears to have WORM capabilities</li><li>US GSA c… [+4113 chars]",https://www.techradar.com/pro/us-government-says-it-will-save-usd1m-year-by-getting-rid-of-magnetic-tape-so-is-there-still-a-place-for-tape-in-2025,desire.athow@futurenet.com (Desire Athow),2025-04-07T10:15:00Z,TechRadar
Intel refreshes iconic brand with 'That's the power of Intel Inside' campaign,Intel revives and redefines its iconic 'Intel Inside' campaign with the new slogan 'That's the power of Intel Inside. ' The company aims to reconnect its legacy brand with today's pervasive role of technology and highlight the impact of its products.,"Ever since Intel launched its ‘Intel Inside’ campaign in 1991, its brand identity has become inseparable not only from PCs that contained its processors but also from PCs and ICT at large. However, a… [+3382 chars]",https://www.tomshardware.com/tech-industry/intel-refreshes-iconic-brand-with-thats-the-power-of-intel-inside-campaign,ashilov@gmail.com (Anton Shilov),2025-04-03T11:12:03Z,Tom's Hardware UK
From cost-saver to growth engine: How businesses can unlock AI’s full potential,"Moving beyond experimentation, enterprises in Asia Pacific must now turn their attention to how AI can evolve from being a cost-cutting tool to a driver of revenue growth, according to the APAC AI Outlook 2025 report commissioned by IBM.","Over the past year, 71 per cent of generative AI (GenAI) investments have been directed toward cost-cutting initiatives in support functions like human resources and IT. However, this focus is expect… [+1053 chars]",https://www.channelnewsasia.com/brand-studio/cost-saver-growth-engine-how-businesses-can-unlock-ais-full-potential-4995246,,2025-04-02T01:23:42Z,CNA
"Anticipating Google Cloud Next 2025: Cloud, Data And AI Advancements","This year's event is expected to reach beyond simply showcasing new features, offering a look at the direction of cloud, data and AI from Google’s perspective.","The main stage at Google Cloud Next 2024.
Google
Google is set to showcase some of its latest work in data management, artificial intelligence and cloud technology at its Google Cloud Next 2025 eve… [+11190 chars]",https://www.forbes.com/sites/moorinsights/2025/04/02/anticipating-google-cloud-next-2025-cloud-data-and-ai-advancements/,"Robert Kramer, Contributor, 
 Robert Kramer, Contributor
 https://www.forbes.com/sites/moorinsights/people/robertkramer/",2025-04-02T20:47:19Z,Forbes
Good Management is Not Good Strategy,"GUEST POST from Greg Satell One of the most annoying things I hear from leaders is that “we had a great strategy, but just couldn’t execute it.” That’s simply not possible. If you can’t execute it, it’s not a great strategy. Most likely, it was a fantasy cook…","GUEST POST from Greg Satell
One of the most annoying things I hear from leaders is that we had a great strategy, but just couldnt execute it. Thats simply not possible. If you cant execute it, its n… [+7238 chars]",https://bradenkelley.com/2025/04/good-management-is-not-good-strategy/,Greg Satell,2025-04-07T12:00:00Z,Bradenkelley.com
From IBM to OpenAI: 50 years of winning (and failed) strategies at Microsoft,"Microsoft celebrates its 50th anniversary. This article was written using Microsoft Word on a computer running Microsoft Windows. It is likely to be published on platforms hosted by Microsoft Azure, including LinkedIn, a Microsoft subsidiary with more than 1 …","Microsoft celebrates its 50th anniversary. This article was written using Microsoft Word on a computer running Microsoft Windows. It is likely to be published on platforms hosted by Microsoft Azure, … [+9766 chars]",https://techxplore.com/news/2025-04-ibm-openai-years-strategies-microsoft.html,Frédéric Fréry,2025-04-02T18:40:02Z,Tech Xplore
Microsoft turns 50: Will AI make it even more powerful?,"From personal computers to cloud services, Microsoft has revolutionized the workplace in just a few decades. On its 50th anniversary, critics warn that AI could make the tech giant more dominant than ever.","Whether in offices, classrooms, or even agriculture, Microsoft technologies are omnipresent today. With its Windows operating system, the company transformed computing, making personal computers acce… [+6070 chars]",https://www.dw.com/en/microsoft-turns-50-will-ai-make-it-even-more-powerful/a-72130355,Enno Hinz,2025-04-04T06:37:00Z,DW (English)
"Zero Trust Network Access Strategic Business Report 2024-2030, Competitive Analysis of Akamai, Broadcom, Check Point Software, Cisco Systems, CloudFlare, Crowdstrike, Forcepoint, Fortinet, IBM, Okta","Understand the significant growth trajectory of the On-Premise Deployment segment, which is expected to reach US$1.9 Billion by 2030 with a CAGR of a 19.6%. The Cloud Deployment segment is also set to grow at 21.4% CAGR over the analysis period. Gain insights…","Dublin, April 03, 2025 (GLOBE NEWSWIRE) -- The ""Zero Trust Network Access - Global Strategic Business Report"" report has been added to ResearchAndMarkets.com's offering.
The global market for Zero T… [+6951 chars]",https://www.globenewswire.com/news-release/2025/04/03/3055338/28124/en/Zero-Trust-Network-Access-Strategic-Business-Report-2024-2030-Competitive-Analysis-of-Akamai-Broadcom-Check-Point-Software-Cisco-Systems-CloudFlare-Crowdstrike-Forcepoint-Fortinet-.html,Research and Markets,2025-04-03T14:39:00Z,GlobeNewswire
"Citizen Services AI Market to Grow Exponentially, Reaching $43.52 Billion by 2029 | Maximizing Market Growth with Automation and AI Integration",How Regional Trends are Shaping the Future of the Citizen Services AI Industry How Regional Trends are Shaping the Future of the Citizen Services AI Industry,"Dublin, April 03, 2025 (GLOBE NEWSWIRE) -- The ""Citizen Services AI Market Report 2025"" has been added to ResearchAndMarkets.com's offering.
The citizen services AI market size has grown exponential… [+9413 chars]",https://www.globenewswire.com/news-release/2025/04/03/3055038/28124/en/Citizen-Services-AI-Market-to-Grow-Exponentially-Reaching-43-52-Billion-by-2029-Maximizing-Market-Growth-with-Automation-and-AI-Integration.html,Research and Markets,2025-04-03T11:52:00Z,GlobeNewswire
Enterprise Agile Planning (EAP) Market Disruptions: The $3.6 Billion Opportunity Vendors Can’t Afford to Miss,"Sustainable Growth Ahead for EAP Market, Estimated at $3.6 Billion by 2030 Sustainable Growth Ahead for EAP Market, Estimated at $3.6 Billion by 2030","Middleton, Massachusetts, April 07, 2025 (GLOBE NEWSWIRE) -- QKS Group, a premier market intelligence and advisory firm, has released its latest in-depth analysis of the global Enterprise Agile Plann… [+4878 chars]",https://www.globenewswire.com/news-release/2025/04/07/3056957/0/en/Enterprise-Agile-Planning-EAP-Market-Disruptions-The-3-6-Billion-Opportunity-Vendors-Can-t-Afford-to-Miss.html,QKS Group,2025-04-07T15:00:00Z,GlobeNewswire
Cloud Point of Sale (PoS) Market Report 2025-2029 & 2034 | From $8.37 Billion to $20.67 Billion: The Exponential Rise of the Cloud PoS Market,"Presents Detailed Analysis of Key Players PAR Technology Corp., Cegid Group, Celerant Technology, Clover Network, and Square Presents Detailed Analysis of Key Players PAR Technology Corp., Cegid Group, Celerant Technology, Clover Network, and Square","Dublin, April 04, 2025 (GLOBE NEWSWIRE) -- The ""Cloud Point of Sale (PoS) Market Report 2025"" has been added to ResearchAndMarkets.com's offering.
The cloud point of sale (PoS) market size has grown… [+7969 chars]",https://www.globenewswire.com/news-release/2025/04/04/3056008/28124/en/Cloud-Point-of-Sale-PoS-Market-Report-2025-2029-2034-From-8-37-Billion-to-20-67-Billion-The-Exponential-Rise-of-the-Cloud-PoS-Market.html,Research and Markets,2025-04-04T13:55:00Z,GlobeNewswire
Customer Data Management Meets Its Inflection Point,"Fragmented stacks, real-time demands and privacy constraints are rewriting the rules of unified data strategy.
Continue reading...","The Gist
<ul><li>Unified platforms eliminate silos.Modern data platforms integrate systems across environments, creating a single customer view that improves CX and decision-making.</li><li>AI drive… [+18685 chars]",https://www.cmswire.com/customer-experience/customer-data-management-meets-its-inflection-point/,pr@cmswire.com (Scott Clark),2025-04-03T11:02:34Z,CMSWire
Robotic Process Automation (RPA) Market Disruptions: The $7.9 Billion Opportunity Vendors Can’t Afford to Miss,"Sustainable Growth Ahead for RPA Market, Estimated at $7.9 Billion by 2030 Sustainable Growth Ahead for RPA Market, Estimated at $7.9 Billion by 2030","Middleton, Massachusetts, April 01, 2025 (GLOBE NEWSWIRE) -- QKS Group, a premier market intelligence and advisory firm, has released its latest in-depth analysis of the global Robotic Process Automa… [+4766 chars]",https://www.globenewswire.com/news-release/2025/04/01/3053094/0/en/Robotic-Process-Automation-RPA-Market-Disruptions-The-7-9-Billion-Opportunity-Vendors-Can-t-Afford-to-Miss.html,QKS Group,2025-04-01T10:00:00Z,GlobeNewswire
"Telecom Billing (Wireless, Fixed Line) Outsourcing Business Report 2024-2030 - Focus on Ensuring Regulatory Compliance and Fraud Management Propels Market Growth","Understand the significant growth trajectory of the Wireless Billing segment, which is expected to reach US$25 Billion by 2030 with a CAGR of a 6.3%. The Fixed Line Billing segment is also set to grow at 4.1% CAGR over the analysis period. Gain insights into …","Dublin, April 07, 2025 (GLOBE NEWSWIRE) -- The ""Telecom Billing Outsourcing - Global Strategic Business Report"" report has been added to ResearchAndMarkets.com's offering.
The global market for Tele… [+6681 chars]",https://www.globenewswire.com/news-release/2025/04/07/3056600/28124/en/Telecom-Billing-Wireless-Fixed-Line-Outsourcing-Business-Report-2024-2030-Focus-on-Ensuring-Regulatory-Compliance-and-Fraud-Management-Propels-Market-Growth.html,Research and Markets,2025-04-07T11:33:00Z,GlobeNewswire
Fortune Names Scripps Health to Its 100 Best Companies List,"Scripps makes national ranking for 17th time, only San Diego company honored Scripps makes national ranking for 17th time, only San Diego company honored","SAN DIEGO, April 02, 2025 (GLOBE NEWSWIRE) -- Scripps Health has been named one of the top employers in the nation by Fortune magazine for the 17th time. The San Diego organization is the only employ… [+8135 chars]",https://www.globenewswire.com/news-release/2025/04/02/3054488/0/en/Fortune-Names-Scripps-Health-to-Its-100-Best-Companies-List.html,Scripps Health,2025-04-02T15:16:00Z,GlobeNewswire
"Financial Automation Business Analysis Report 2025: AI-Powered Tools Propel Growth in Decision-Making, Regulatory Compliance Requirements Drive Adoption - Global Market Forecast to 2030","Understand the significant growth trajectory of the Tax Automation segment, which is expected to reach US$6.9 Billion by 2030 with a CAGR of a 13.9%. The Accounting Automation segment is also set to grow at 15.2% CAGR over the analysis period. Gain insights i…","Dublin, April 03, 2025 (GLOBE NEWSWIRE) -- The ""Financial Automation - Global Strategic Business Report"" report has been added to ResearchAndMarkets.com's offering.
The global market for Financial A… [+9260 chars]",https://www.globenewswire.com/news-release/2025/04/03/3055330/28124/en/Financial-Automation-Business-Analysis-Report-2025-AI-Powered-Tools-Propel-Growth-in-Decision-Making-Regulatory-Compliance-Requirements-Drive-Adoption-Global-Market-Forecast-to-203.html,Research and Markets,2025-04-03T14:23:00Z,GlobeNewswire
From IBM to OpenAI: 50 years of winning (and failed) strategies at Microsoft,Fifty years after its creation – an eternity in the tech world – Bill Gates and Paul Allen’s company is still here. This is a look back at Microsoft’s success story.,"Paul Allen (L) and Bill Gates in 1970 at Lakeside School in Seattle, Washington state, US. Microsoft was created five years later. Author unknown/Wikimedia
Microsoft celebrates its 50th anniversary.… [+9862 chars]",https://theconversation.com/from-ibm-to-openai-50-years-of-winning-and-failed-strategies-at-microsoft-253576,"Frédéric Fréry, Professeur de stratégie, CentraleSupélec, ESCP Business School",2025-04-02T13:08:27Z,The Conversation Africa
Intel’s Gaudi 3 AI Accelerator Now Available At IBM Cloud; Testing Shows Faster Performance Than NVIDIA’s H100 & H200 AI GPUs,"Intel's Gaudi 3 AI accelerator has officially been adopted by IBM Cloud. This marks the first instance of a CSP adopting Gaudi 3 into its portfolio, an exciting development. IBM Becomes The First CSP To Offer Intel's Gaudi 3 To Its Customers, Offering a Cost-…","Intel's Gaudi 3 AI accelerator has officially been adopted by IBM Cloud. This marks the first instance of a CSP adopting Gaudi 3 into its portfolio, an exciting development.
Team Blue's AI venture h… [+2179 chars]",https://wccftech.com/intel-gaudi-3-ai-accelerator-now-available-at-ibm-cloud/,Muhammad Zuhair,2025-04-02T17:54:55Z,Wccftech
"Mapping Jensen’s world: Forecasting AI in cloud, enterprise and robotics","We are in the midst of a fundamental transformation of computing architectures. We’re moving from a world where we create data, store it, retrieve it, harmonize it and present it, so that we can make better decisions, to a world that creates content from know…","We are in the midst of a fundamental transformation of computing architectures.
Were moving from a world where we create data, store it, retrieve it, harmonize it and present it, so that we can make… [+21191 chars]",https://siliconangle.com/2025/04/06/mapping-jensens-world-forecasting-ai-cloud-enterprise-robotics/,Dave Vellante and David Floyer,2025-04-06T15:57:06Z,SiliconANGLE News
Dave Vellante’s Breaking Analysis: The complete collection,"Breaking Analysis is a weekly editorial program combining knowledge from SiliconANGLE’s theCUBE with spending data from Enterprise Technology Research. Branded as theCUBE Insights, Powered by ETR, the program is our opportunity to share independent, unfiltere…","Breaking Analysis is a weekly editorial program combining knowledge from SiliconANGLEs theCUBE with spending data from Enterprise Technology Research.
Branded as theCUBE Insights, Powered by ETR, th… [+182839 chars]",https://siliconangle.com/2025/04/05/dave-vellantes-breaking-analysis-complete-collection/,Dave Vellante,2025-04-05T10:33:12Z,SiliconANGLE News
"How Tally Solutions, bookkeeper to India’s MSMEs, is harnessing AI in its software","From making textile bobbins in the 1980s to building homegrown accounting software and now developing AI-driven financial solutions, Tally and its founding family have seen it all. What lies ahead for this accounting software company loved by MSMEs world over?","Bengaluru: In the dying days of 2024, Bench Accounting, a Canadian software-as-a-service (SaaS) startup that offered accounting and tax reporting services to small and medium-sized businesses, went b… [+13989 chars]",https://www.livemint.com/companies/shopify-bain-capital-ventures-altos-ventures-tally-solutions-msme-microsoft-sap-intuit-zoho-quickbooks-aws-11743594033694.html,Leslie D'Monte,2025-04-02T12:34:02Z,Livemint
Japanese Semiconductor Giant Rapidus Accelerates Efforts On 2nm Process Amid Interest From Google & Apple; Mass-Production Expected By 2027,"Rapidus, an emerging semiconductor company, plans to scale up its 2nm efforts tremendously in the upcoming years as it sees massive interest from tech giants. Rapidus's 2nm Process Features BSPDN & GAA Technologies, Making It a One-Of-A-Kind Implementation In…","Rapidus, an emerging semiconductor company, plans to scale up its 2nm efforts tremendously in the upcoming years as it sees massive interest from tech giants.
The semiconductor supply chain has been… [+1936 chars]",https://wccftech.com/rapidus-accelerates-efforts-on-2nm-process-amid-interest-from-google-apple/,Muhammad Zuhair,2025-04-07T16:46:30Z,Wccftech
Reflections on Microsoft's 50th: What Will It Take to Make It to 2075?,"After 50 years, Microsoft is still talking about the same things it did in 1975, but with different technologies. Can Copilot help Redmond stick around for another five decades?
As I sat at Microsoft's 50th anniversary event on Friday, watching all three of t…","As I sat at Microsoft's 50th anniversary event on Friday, watching all three of the company's CEOsBill Gates, Steve Ballmer, and Satya Nadellaon stage, I couldn't help but think about the company's p… [+7493 chars]",https://uk.pcmag.com/opinion/157458/reflections-on-microsofts-50th-what-will-it-take-to-make-it-to-2075,Michael J. Miller,2025-04-07T14:55:47Z,PCMag.com
Reflections on Microsoft's 50th: What Will It Take to Make It to 2075?,"After 50 years, Microsoft is still talking about the same things it did in 1975, but with different technologies. Can Copilot help Redmond stick around for another five decades?
As I sat at Microsoft's 50th anniversary event on Friday, watching all three of t…","As I sat at Microsoft's 50th anniversary event on Friday, watching all three of the company's CEOsBill Gates, Steve Ballmer, and Satya Nadellaon stage, I couldn't help but think about the company's p… [+7493 chars]",https://me.pcmag.com/en/opinion/29237/reflections-on-microsofts-50th-what-will-it-take-to-make-it-to-2075,Michael J. Miller,2025-04-07T14:55:47Z,PCMag.com
Derivative to disruptive: Chinese car brands are finally ready for the US market,"Left Field Labs’s Yann Caloghiris explores how, despite the potential tariffs, Chinese car brands could take pole position in the US.In 2011, Elon Musk famously dismissed BYD’s cars as “not particularly attractive” and the underlying technology as “not very s…","Left Field Labss Yann Caloghiris explores how, despite the potential tariffs, Chinese car brands could take pole position in the US.In 2011, Elon Musk famously dismissed BYDs cars as not particularly… [+8108 chars]",https://www.thedrum.com/opinion/2025/04/02/derivative-disruptive-chinese-car-brands-are-finally-ready-the-us-market,Yann Caloghiris,2025-04-02T07:00:00Z,The Drum
A Visual History: Microsoft Windows Over the Decades,"Microsoft is turning 50, and nothing has defined the tech giant more than Windows. Like you, we've loved some versions of the desktop OS, and others...not so much.
PCMag has covered Microsoft's Windows operating system from its first iteration in 1985 right u…","PCMag has covered Microsoft's Windows operating system from its first iteration in 1985 right up to the current, heady days of Windows 11. Before Windows, we used and wrote about its predecessor, MS-… [+16121 chars]",https://uk.pcmag.com/operating-systems/157421/a-visual-history-microsoft-windows-over-the-decades,Michael Muchmore,2025-04-04T13:18:17Z,PCMag.com
A Visual History: Microsoft Windows Over the Decades,"Microsoft is turning 50, and nothing has defined the tech giant more than Windows. Like you, we've loved some versions of the desktop OS, and others...not so much.
PCMag has covered Microsoft's Windows operating system from its first iteration in 1985 right u…","PCMag has covered Microsoft's Windows operating system from its first iteration in 1985 right up to the current, heady days of Windows 11. Before Windows, we used and wrote about its predecessor, MS-… [+16121 chars]",https://me.pcmag.com/en/operating-systems/29199/a-visual-history-microsoft-windows-over-the-decades,Michael Muchmore,2025-04-04T13:18:17Z,PCMag.com
