title,description,content,publish_date,source
A Look Ahead: 2025 Outsourcing Trends,Opportunities abound for BPO leaders in 2025.,"Vidya Plainfield - Growth Officer at TechSpeed Inc.
getty
2024 was a year marked by growth in the global outsourcing sector and even more rapid growth in the use of AI-powered solutions for core bu… [+6500 chars]",2025-04-07T12:45:00Z,Forbes
Key Cybersecurity Challenges In 2025—Trends And Observations,"In 2025, cybersecurity is gaining significant momentum. However, there are still many challenges to address.","Digital 2025 Sign on Computer Code. 3D Render
getty
In 2025, cybersecurity is gaining significant momentum. However, there are still many challenges to address. The ecosystem remains unstable in sp… [+15425 chars]",2025-04-05T23:34:46Z,Forbes
Master the World of Information Technology,"Information Technology (IT) is the backbone of digital transformation, driving innovation, improving business efficiency, and enhancing communication. Whether you're a novice looking to understand the fundamentals or an expert seeking the latest trends, this …","Information Technology (IT) is the backbone of digital transformation, driving innovation, improving business efficiency, and enhancing communication. Whether you’re a novice looking to understand th… [+6332 chars]",2025-04-03T18:14:15Z,Typeforyou.org
AI In Manufacturing: Copilots Or Agents?,"AI has already proven its abilities for manufacturing, but how much control should it be given?","Raj Badarinath is Chief Product &amp; Marketing Officer at Rootstock Software, a recognized leader in the Manufacturing Cloud ERP space.
getty
In the race to adopt AI in manufacturing, companies fa… [+5402 chars]",2025-04-01T12:45:00Z,Forbes
Top 5 Promising Technology Trends in Digital Marketing,"Digital marketing adapts to fast-paced consumer behavior trends by pursuing innovative ideas for engagement, customer support, and content. However, it has been difficult for marketers to gauge the long-term effects of their strategies, considering they must …","Digital marketing adapts to fast-paced consumer behavior trends by pursuing innovative ideas for engagement, customer support, and content. However, it has been difficult for marketers to gauge the l… [+6171 chars]",2025-04-02T15:29:07Z,Almostfearless.com
A Guide To IT Nearshoring In Europe,"As the nearshoring landscape continues to evolve, those who seize the opportunity today will position themselves at the forefront of global competitiveness tomorrow.","Nuno Godinho is the Chief Information Officer at velv.
getty
I have over a decade of experience in nearshoring, involving extensive dialogue with clients and partners across various industries and … [+6477 chars]",2025-04-03T11:00:00Z,Forbes
"Tariffs: How They May Impact Your Wallet, And Tips To Minimize That",There are ways consumers can navigate the impact of tariffs on personal finances.,"Gabriela Berrospi is the founder of the Latino Wall Street movement, which provides financial education to the Latino community.
getty
In todays interconnected global economy, tariffs are a key too… [+5159 chars]",2025-04-03T11:45:00Z,Forbes
AR Discipline: Key To Revenue Quality For SaaS Leaders,A strong focus on managing receivables makes a stark difference in quality of revenue scores.,"Dean Kaplan is president of The Kaplan Group. He writes about business debt collection &amp; contract negotiations &amp; provides financial advice.
getty
In our data-rich world, business metrics co… [+5593 chars]",2025-04-03T13:00:00Z,Forbes
Methodology,"This report is based on a pair of Pew Research Center surveys and a series of in-depth interviews. It draws on a nationally representative survey of U.S. adults who are members of the Center’s American Trends Panel (ATP), a survey of U.S.-based experts in art…",This report is based on a pair of Pew Research Center surveys and a series of in-depth interviews. It draws on a nationally representative survey of U.S. adults who are members of the Centers America… [+19624 chars],2025-04-03T13:54:39Z,Pew Research Center
"Insurers, CIOs urged to lead ethical AI adoption","As artificial intelligence continues to reshape industries globally, Nigerian insurers and chief information officers have been tasked with taking the lead in adopting the technology responsibly to drive innovation while safeguarding against its risks. Speaki…","As artificial intelligence continues to reshape industries globally, Nigerian insurers and chief information officers have been tasked with taking the lead in adopting the technology responsibly to d… [+2610 chars]",2025-04-07T00:38:40Z,The Punch
The AI Adoption Gap: Preparing the US Government for Advanced AI,"Published on April 2, 2025 11:46 PM GMTAdvanced AI could unlock an era of enlightened and competent government action. But without smart, active investment, we’ll squander that opportunity and barrel blindly into danger.Executive summary<table><tr><td>See als…","Advanced AI could unlock an era of enlightened and competent government action. But without smart, active investment, well squander that opportunity and barrel blindly into danger.
The US federal go… [+45973 chars]",2025-04-02T23:46:38Z,Lesswrong.com
AppLovin Corp. (APP): Among Unstoppable Stocks That Could Double Your Money,"We recently published a list of 10 Unstoppable Stocks That Could Double Your Money. In this article, we are going to take a look at where AppLovin...","We recently published a list of 10 Unstoppable Stocks That Could Double Your Money. In this article, we are going to take a look at where AppLovin Corporation (NASDAQ:APP) stands against other unstop… [+8258 chars]",2025-04-05T21:24:02Z,Yahoo Entertainment
Forbes Daily: Trump’s Sweeping New Tariffs Leave Markets On Edge,"Today’s Forbes Daily newsletter covers Trump’s tariffs and world reactions, futures indexes fall, Elon Musk’s potential DOGE exit, TikTok buyers line up and more.","As more workers use AI, companies face a growing risk that their proprietary information could be inadvertently plugged into tools like ChatGPT, increasing the chance of a damaging leak. Thats where … [+8368 chars]",2025-04-03T12:01:30Z,Forbes
"11 Remote Jobs Paying $190,000+ Posted: Full Time With Benefits",Here are 11 remote jobs that are accepting applications now. The salaries range from $190K up to $360K per year with three of these jobs topping out near and above $500K.,"11 Remote Jobs Paying $190,000+ Posted: Full Time With Benefits
getty
Here are 11 remote jobs that are accepting applications now. The salaries range from $190K up to $360K per year with three of t… [+12895 chars]",2025-04-01T02:54:44Z,Forbes
Indonesian nickel: new issue of MINE live now!,"In this issue: the future for the world’s leading nickel producer; autonomous drilling in exploration; powering mines in extreme temperatures, and more.","In the April 2025 issue of MINE magazine, we look at Indonesia's nickel mining landscape, explore how critical minerals supply chains are impacting the defence sector and examine some of the tech tre… [+2309 chars]",2025-04-03T15:08:23Z,Mining Technology
Is Comfort Systems USA Inc. (FIX) the Best Engineering Stock to Invest in Now?,"We recently published a list of 11 Best Engineering Stocks to Invest in Now. In this article, we are going to take a look at where Comfort Systems USA Inc. (...","We recently published a list of 11 Best Engineering Stocks to Invest in Now. In this article, we are going to take a look at where Comfort Systems USA Inc. (NYSE:FIX) stands against other best engine… [+5825 chars]",2025-04-02T19:53:14Z,Yahoo Entertainment
Hotel staffing to remain ‘well below’ pre-pandemic levels,"The American Hotel & Lodging Association expects the industry to add 14,000 employees this year, though challenges persist amid economic uncertainty.","This story was originally published on Hotel Dive. To receive daily news and insights, subscribe to our free daily Hotel Dive newsletter. 
<ul><li>The American Hotel &amp; Lodging Association expect… [+3633 chars]",2025-04-07T10:08:07Z,Hoteldive.com
Standards as Strategy: How 1EdTech Shapes the Future of Educational Technology,"In this conversation with Claude, I explore 1EdTech's journey from its origins as IMS Global to its current role shaping educational technology standards. We discuss how the organization's collaborative approach has evolved, particularly through innovations l…","Michael:
I’ve been reflecting on my first seven months as Chief Strategy Officer at the 1EdTech Consortium and thought it might be fun and interesting to talk to an AI about the organization and the… [+26635 chars]",2025-04-02T19:21:10Z,Eliterate.us
10 Transformative Trends Shaping the CASE & Construction Materials Industry in 2025,"The report identifies key areas, such as raw material evolution, sustainability trends, advanced insulation materials, and digitalization in coatings. The 2025 outlook includes innovations in architectural coatings, aerospace applications, and commercial vehi…","Dublin, April 01, 2025 (GLOBE NEWSWIRE) -- The ""Top 10 Growth Opportunities in the CASE &amp; Construction Materials Industry, 2025"" report has been added to ResearchAndMarkets.com's offering.
The c… [+2111 chars]",2025-04-01T12:04:00Z,GlobeNewswire
"Citizen Services AI Market to Grow Exponentially, Reaching $43.52 Billion by 2029 | Maximizing Market Growth with Automation and AI Integration",How Regional Trends are Shaping the Future of the Citizen Services AI Industry How Regional Trends are Shaping the Future of the Citizen Services AI Industry,"Dublin, April 03, 2025 (GLOBE NEWSWIRE) -- The ""Citizen Services AI Market Report 2025"" has been added to ResearchAndMarkets.com's offering.
The citizen services AI market size has grown exponential… [+9413 chars]",2025-04-03T11:52:00Z,GlobeNewswire
Humans-as-Luxury: The Future of Hospitality in an AI-Driven Age,"This viewpoint explores the growing scarcity of human labor in hospitality and how automation, robotics, and AI (especially agentic) may redefine the nature of service. The paper argues that human workers could evolve into a luxury feature in an increasingly …","Abstract
This viewpoint explores the growing scarcity of human labor in hospitality and how automation, robotics, and AI (especially agentic) may redefine the nature of service. The paper argues tha… [+26074 chars]",2025-04-02T10:18:00Z,Hospitality Net
"Carbon Black Market Growth Trends, Competitive Strategies and Forecasts, 2025-2033: Expansion in the Automotive and Tire Industries, Innovations in Product and Process Technology","Carbon black growth is largely driven by increasing demand from the automotive and tire industries, which are the primary consumers of carbon black. The expansion of the automotive sector, particularly in emerging economies, is expected to continue to drive t…","Dublin, April 07, 2025 (GLOBE NEWSWIRE) -- The ""Carbon Black Market Size, Market Share, Application Analysis, Regional Outlook, Growth Trends, Key Players, Competitive Strategies and Forecasts, 2025 … [+9595 chars]",2025-04-07T14:30:00Z,GlobeNewswire
"Travel Apps Strategic Intelligence Report 2025: Case Studies, Key Trends, Challenges, and Recommendations","Dublin, April 04, 2025 (GLOBE NEWSWIRE) -- The ""Strategic Intelligence: Travel Apps (2025)"" report has been added to ResearchAndMarkets.com's offering.This report analyzes the key theme of travel apps in the travel and tourism sector. Trave apps is taking on …","Dublin, April 04, 2025 (GLOBE NEWSWIRE) -- The ""Strategic Intelligence: Travel Apps (2025)"" report has been added to ResearchAndMarkets.com's offering.
This report analyzes the key theme of travel a… [+3205 chars]",2025-04-04T11:13:00Z,GlobeNewswire
IRIDE satellite captures first high resolution image over Italy,"Paris, France (SPX) Mar 30, 2025


The initial image from Italy's IRIDE Earth observation mission was unveiled today, depicting a high-detail strip of the Italian peninsula, including Rome, at a resolution of 2.66 meters. This marks a threefold improvement ov…","IRIDE satellite captures first high resolution image over Italyby Erica MarchandParis, France (SPX) Mar 30, 2025
The initial image from Italy's IRIDE Earth observation mission was unveiled today, de… [+4335 chars]",2025-04-01T11:09:11Z,Space Daily
How the U.S. Public and AI Experts View Artificial Intelligence,"These groups are far apart in their enthusiasm and predictions for AI, but both want more personal control and worry about too little regulation.
The post How the U.S. Public and AI Experts View Artificial Intelligence appeared first on Pew Research Center.","How we did this
Pew Research Center conducted this study to understand how Americans views of artificial intelligence compare with the views of those who have expertise in the field. This report inc… [+14624 chars]",2025-04-03T13:54:29Z,Pew Research Center
"Starlink Company Profile 2025: Technology, Expansion Plans, Partnerships, Estimated Finances and Future Outlook","Dublin, April  02, 2025  (GLOBE NEWSWIRE) -- The ""Starlink Company Profile - 2025"" company profile has been added to  ResearchAndMarkets.com's offering. ...","Dublin, April 02, 2025 (GLOBE NEWSWIRE) -- The ""Starlink Company Profile - 2025"" company profile has been added to ResearchAndMarkets.com's offering.
Starlink, a subsidiary of SpaceX, aims to provid… [+3962 chars]",2025-04-02T08:16:00Z,GlobeNewswire
Is ASGN Incorporated (ASGN) The Best Beaten Down Stock to Buy According to Analysts?,"We recently published a list of 10 Best Beaten Down Stocks to Buy According to Analysts. In this article, we are going to take a look at where ASGN...","We recently published a list of 10 Best Beaten Down Stocks to Buy According to Analysts. In this article, we are going to take a look at where ASGN Incorporated (NYSE:ASGN) stands against other best … [+5789 chars]",2025-04-03T16:39:38Z,Yahoo Entertainment
CMTS Expands in 2025 to Meet Ever-Evolving Needs of Manufacturing Industry,"TORONTO, April 02, 2025 (GLOBE NEWSWIRE) -- SME, the nonprofit committed to accelerating adoption of advanced manufacturing technologies and building North America’s talent and capabilities, will expand its Canadian Manufacturing Technology Show (CMTS) in 202…","TORONTO, April 02, 2025 (GLOBE NEWSWIRE) -- SME, the nonprofit committed to accelerating adoption of advanced manufacturing technologies and building North Americas talent and capabilities, will expa… [+5617 chars]",2025-04-02T16:17:00Z,GlobeNewswire
"Saffron Market Report 2025: Growing Trend Towards Natural and Functional Products Bodes well for Growth - Global Industry Analysis, Size, Share, Growth, Trends, and Forecasts to 2032","Dublin, April 03, 2025 (GLOBE NEWSWIRE) -- The ""Saffron Market - Global Industry Analysis, Size, Share, Growth, Trends, and Forecast 2032 - By Product, Technology, Grade, Application, End-user, Region: (North America, Europe, Asia Pacific, Latin America and M…","Dublin, April 03, 2025 (GLOBE NEWSWIRE) -- The ""Saffron Market - Global Industry Analysis, Size, Share, Growth, Trends, and Forecast 2032 - By Product, Technology, Grade, Application, End-user, Regio… [+6150 chars]",2025-04-03T08:09:00Z,GlobeNewswire
CMTS Expands in 2025 to Meet Ever-Evolving Needs of Manufacturing Industry,"TORONTO, April 02, 2025 (GLOBE NEWSWIRE) — SME, the nonprofit committed to accelerating adoption of advanced manufacturing technologies and building North America’s talent and capabilities, will expand its Canadian Manufacturing Technology Show (CMTS) in 2025…","Author of the article:
CMTS Canadian Manufacturing Technology ShowGNW
Article content
TORONTO, April 02, 2025 (GLOBE NEWSWIRE) SME, the nonprofit committed to accelerating adoption of advanced man… [+8618 chars]",2025-04-02T16:21:51Z,Financial Post
"Qatar Commercial Construction Industry Report 2025: $30+ Billion Market Trends,, Competition, Forecast and Opportunities to 2030F","The market is experiencing strong expansion due to the country's ongoing economic diversification efforts and significant infrastructure development initiatives under Qatar National Vision 2030. As one of the wealthiest nations globally, Qatar has made substa…","Dublin, April 04, 2025 (GLOBE NEWSWIRE) -- The ""Qatar Commercial Construction Market, By Region, Competition, Forecast and Opportunities, 2020-2030F"" report has been added to ResearchAndMarkets.com's… [+6568 chars]",2025-04-04T13:06:00Z,GlobeNewswire
"U.S. Laundry Facilities and Dry-Cleaning Services Market Report 2025-2032: An $18.45 Billion Industry - Digital Transformation, Subscription Models, and Sustainable Practices Present Business Opportunities","Dublin, April 04, 2025 (GLOBE NEWSWIRE) -- The ""Laundry Facilities and Dry-Cleaning Services Market - Industry Analysis, Size, Share, Growth, Trends, and Forecast 2032 - By Product, Technology, Grade, Application, End-user, Country: (U.S.)"" report has been ad…","Dublin, April 04, 2025 (GLOBE NEWSWIRE) -- The ""Laundry Facilities and Dry-Cleaning Services Market - Industry Analysis, Size, Share, Growth, Trends, and Forecast 2032 - By Product, Technology, Grade… [+6499 chars]",2025-04-04T08:26:00Z,GlobeNewswire
"Metaverse in Healthcare Industry Trends and Global Forecasts 2025: Market to Reach $219.1 Billion, at a CAGR of 31.1%, Opportunities in Enhanced Patient Engagement, Decentralized Data, & Telehealth – ResearchAndMarkets.com","DUBLIN — The “Metaverse in Healthcare Market Industry Trends and Global Forecasts to 2035, by Component, Type of Technology, Applications, End Users, Geographical Regions and Key Players” report has been added to ResearchAndMarkets.com’s offering. The global …","Author of the article:
Article content
DUBLIN The Metaverse in Healthcare Market Industry Trends and Global Forecasts to 2035, by Component, Type of Technology, Applications, End Users, Geographica… [+14408 chars]",2025-04-02T13:43:43Z,Financial Post
Formwork Plywood Market Size is Expected to Grow at 5.9% CAGR with US$ 9.32 Billion by 2031 | The Insight Partners,"Formwork Systems market Share research includes key company profiles like Alsina Formwork, Brand Industrial ServicesInc, Doka GmbH, Efco Corp, Forsa S.A, Meva Formwork Systems, MFE Formwork Technology Sdn Bhd, Paschal International, PERI Formwork Systems mark…","US &amp; Canada, April 07, 2025 (GLOBE NEWSWIRE) -- According to a new comprehensive report from The Insight Partners, the global formwork systems market is observing healthy growth with infrastructu… [+9948 chars]",2025-04-07T14:04:00Z,GlobeNewswire
"MENA AI Healthcare Market Report 2025 - MENA AI in Healthcare Market to Reach $1.8 Billion by 2029, Growing at 35.8% CAGR","Key drivers include expanding medical data, rising AI infrastructure investments, and a shortage of healthcare professionals. The report offers detailed insights by country, technology, application, and component, highlighting opportunities in personalized me…","Dublin, April 04, 2025 (GLOBE NEWSWIRE) -- The ""AI in Healthcare Regional Analysis Market: Middle East and North Africa"" report has been added to ResearchAndMarkets.com's offering.
This report provi… [+5640 chars]",2025-04-04T08:15:00Z,GlobeNewswire
"Grove AI Welcomes Former Novartis, UCB, and Google Executives to Company Advisory Board","SAN FRANCISCO, April 02, 2025 (GLOBE NEWSWIRE) -- Grove AI
, pioneer in life science automation using agentic AI, today announced the formation of its inaugural Advisory Board. Comprised of prominent leaders from pharmaceutical and technology sectors, the ad…","SAN FRANCISCO, April 02, 2025 (GLOBE NEWSWIRE) -- Grove AI
, pioneer in life science automation using agentic AI, today announced the formation of its inaugural Advisory Board. Comprised of prominen… [+3440 chars]",2025-04-02T11:30:00Z,GlobeNewswire
Key Trends in the $9.82B Non-Emergency Medical Transportation Market 2025-2030: The Rise of Personalized Patient Transport,Key Strategies for Non-Emergency Medical Transport Companies to Enhance Service Delivery and Patient Satisfaction Key Strategies for Non-Emergency Medical Transport Companies to Enhance Service Delivery and Patient Satisfaction,"Dublin, April 03, 2025 (GLOBE NEWSWIRE) -- The ""Non-emergency Medical Transportation Market by Service Type (Ambulatory Transportation, Bariatric Transportation, Dialysis Transportation), End-User (D… [+13524 chars]",2025-04-03T11:30:00Z,GlobeNewswire
"Europe Click and Collect Grocery Growth Forecasts Report 2025: Market to Surpass $275 Billion by 2033 from $46.5 Billion in 2024 - Focus on Germany, UK, and France","Dublin, April 02, 2025 (GLOBE NEWSWIRE) -- The ""Europe Click and Collect Grocery Market Size and Share Analysis - Growth Trends and Forecast Report 2025-2033"" report has been added to ResearchAndMarkets.com's offering.The Europe Click & Collect Grocery Market…","Dublin, April 02, 2025 (GLOBE NEWSWIRE) -- The ""Europe Click and Collect Grocery Market Size and Share Analysis - Growth Trends and Forecast Report 2025-2033"" report has been added to ResearchAndMark… [+8310 chars]",2025-04-02T09:35:00Z,GlobeNewswire
Gold Ore Market Report 2025: Investment Demand and Emerging Markets to Fuel Growth - Forecasts to 2029 and 2034,"The growth in the forecast period can be attributed to continued investment demand, emerging market growth, government initiatives, environmental and ethical considerations, global economic conditions. Major trends in the forecast period include integration o…","Dublin, April 04, 2025 (GLOBE NEWSWIRE) -- The ""Gold Ore Market Report 2025"" report has been added to ResearchAndMarkets.com's offering.
The gold ore market size has grown strongly in recent years. … [+7688 chars]",2025-04-04T09:13:00Z,GlobeNewswire
"Breast Pads Market Projected to Reach USD 203.29 Million by 2032, Driven by Rising Awareness of Infant Hygiene and Maternal Comfort – SNS Insider","According to Research by SNS Insider, the global Breast Pads Market is expanding due to increasing breastfeeding rates, growing demand for eco-friendly products, and advancements in absorbent technology. According to Research by SNS Insider, the global Breast…","Pune, April 01, 2025 (GLOBE NEWSWIRE) -- According to SNS Insider, the global Breast Pads Market was valued at USD 137.60 million in 2023 and is projected to reach USD 203.29 million by 2032, growing… [+8392 chars]",2025-04-01T13:20:00Z,GlobeNewswire
Expert says AI’s presence in sports betting is double-edged sword,"Artificial intelligence has become an important part of business operations globally, including the sports betting industry. Bettors have more information at their fingertips to make more informed decisions, while operators can integrate AI technology to prov…","Author of the article:
*MANDATORY CREDIT*Photo by Kyle Sweeting /The Canadian Press
Article content
Artificial intelligence has become an important part of business operations globally, including … [+8970 chars]",2025-04-01T16:52:51Z,Financial Post
"Myocardial Infarction Market Forecast Report 2025-2033 Featuring Major Players - Pfizer, BMS, AstraZeneca, Merck KGaA., Daiichi Sankyo, Novartis, Genentech, Amgen, Regeneron, Takeda","Since MI is a major source of morbidity and mortality globally, especially in aging populations, the prevalence of cardiac disease is a primary driver of growth in this sector. New treatments include clot-dissolving medications, angioplasty, and surgical proc…","Dublin, April 02, 2025 (GLOBE NEWSWIRE) -- The ""Myocardial Infarction Market Size and Share Analysis - Growth Trends and Forecast Report 2025-2033"" report has been added to ResearchAndMarkets.com's o… [+16436 chars]",2025-04-02T13:29:00Z,GlobeNewswire
"Saudi Arabia Foodservice Market Report and Company Analysis 2025-2033 Featuring Al Tazaj, AlAmar, ALBAIK, Americana Restaurants Int'l, Apparel, Fawaz Abdulaziz AlHokair, Galadari, Herfy, Kondu, LuLu","A growing population, urbanization, and increased disposable incomes have all contributed to the notable expansion of the foodservice sector in Saudi Arabia. The demand for quick-service restaurants (QSRs) and casual dining places is being driven by the natio…","Dublin, April 07, 2025 (GLOBE NEWSWIRE) -- The ""Saudi Arabia Foodservice Market Size and Share Analysis - Growth Trends and Forecast Report 2025-2033"" report has been added to ResearchAndMarkets.com'… [+10698 chars]",2025-04-07T14:15:00Z,GlobeNewswire
"Airport Systems Market Analysis 2025-2030: Industry Dynamics, Use Cases, Value Chain, Pricing, Trends, TCO, BOM, Technologies, Profiles of Major Players","Dublin, April 01, 2025 (GLOBE NEWSWIRE) -- The ""Airport Systems Market by Technology, Solution (Passenger Processing System, Airport Operation & Ground Handling System, Air Traffic Management System), Application (Airside, Terminal Side) Implementation and Re…","Dublin, April 01, 2025 (GLOBE NEWSWIRE) -- The ""Airport Systems Market by Technology, Solution (Passenger Processing System, Airport Operation &amp; Ground Handling System, Air Traffic Management Sys… [+10459 chars]",2025-04-01T08:05:00Z,GlobeNewswire
Europe Gift Card and Incentive Card Report 2025: Market to Grow by 8.5% to Reach $78.9 Billion this Year - Future Growth Dynamics to 2029,"This report provides a detailed data-centric analysis of the gift card sector in Europe, covering market opportunities and risks across consumer segments (retail and corporate); product categories; retail sectors; and store formats. With over 100+ KPIs at the…","Dublin, April 04, 2025 (GLOBE NEWSWIRE) -- The ""Europe Gift Card and Incentive Card Market Intelligence and Future Growth Dynamics (Databook) - Q1 2025 Update"" report has been added to ResearchAndMar… [+10865 chars]",2025-04-04T10:32:00Z,GlobeNewswire
"Mexico Construction Industry Databook Q1 2025: Mexico's Construction Sectors Thrive Amid Urban Growth, Government Initiatives, and Technological Advancements Despite Rising Costs and Regulatory Challenges","Dublin, April 03, 2025 (GLOBE NEWSWIRE) -- The ""Mexico Construction Industry Databook Series - Market Size & Forecast by Value and Volume, Q1 2025 Update"" report has been added to ResearchAndMarkets.com's offering.The construction market in Mexico is expected…","Dublin, April 03, 2025 (GLOBE NEWSWIRE) -- The ""Mexico Construction Industry Databook Series - Market Size &amp; Forecast by Value and Volume, Q1 2025 Update"" report has been added to ResearchAndMark… [+10207 chars]",2025-04-03T13:28:00Z,GlobeNewswire
"Vietnam Contract Logistics Market Report 2025, with CJ Gemadept Logistics, Indo Trans Logistics, DHL, Expeditors, Transimex, Bee Logistics, Schenker Vietnam, Sotrans, Vinafreight & more","Dublin, April 07, 2025 (GLOBE NEWSWIRE) -- The ""Vietnam Contract Logistics Market | Industry, Segmentation, Share, Analysis, Forecast, Companies, Outlook, Competitive Landscape, Trends, Value, Growth, Size & Revenue: Market Forecast By End User,By Region And …","Dublin, April 07, 2025 (GLOBE NEWSWIRE) -- The ""Vietnam Contract Logistics Market | Industry, Segmentation, Share, Analysis, Forecast, Companies, Outlook, Competitive Landscape, Trends, Value, Growth… [+7687 chars]",2025-04-07T11:41:00Z,GlobeNewswire
"U.S. Discounters Market Analysis Report 2025-2029 - Discounters Thrive Amid Inflation: Aldi's Dominance, Market Trends, and Future Challenges","Dublin, April 01, 2025 (GLOBE NEWSWIRE) -- The ""Discounters in the US"" report has been added to ResearchAndMarkets.com's offering.Discounters experienced the highest current value growth within grocery retailers in the US in 2024, as the continued inflationar…","Dublin, April 01, 2025 (GLOBE NEWSWIRE) -- The ""Discounters in the US"" report has been added to ResearchAndMarkets.com's offering.
Discounters experienced the highest current value growth within gro… [+7872 chars]",2025-04-01T08:17:00Z,GlobeNewswire
Smart Energy Strategic Industry Report 2025-2030: Emergence of Smart Grids Boosts Demand for Advanced Smart Energy Technologies,"Understand the significant growth trajectory of the Smart Energy Solutions segment, which is expected to reach US$239.6 Billion by 2030 with a CAGR of a 7.9%. The Smart Energy Services segment is also set to grow at 11.3% CAGR over the analysis period. Gain i…","Dublin, April 07, 2025 (GLOBE NEWSWIRE) -- The ""Smart Energy - Global Strategic Business Report"" report has been added to ResearchAndMarkets.com's offering.
The global market for Smart Energy was va… [+9019 chars]",2025-04-07T13:12:00Z,GlobeNewswire
"Nano-Enabled Packaging Business Analysis Report 2025: Market to More than Double to Surpass $80 Billion by 2030, Fueled by Demand for Lightweight, Antimicrobial, and Sustainability Properties","Understand the significant growth trajectory of the Intelligent & Smart Packaging segment, which is expected to reach US$70.5 Billion by 2030 with a CAGR of a 13.2%. The Active Packaging segment is also set to grow at 9.6% CAGR over the analysis period. Gain …","Dublin, April 03, 2025 (GLOBE NEWSWIRE) -- The ""Nano-Enabled Packaging - Global Strategic Business Report"" report has been added to ResearchAndMarkets.com's offering.
The global market for Nano-enab… [+7783 chars]",2025-04-03T14:20:00Z,GlobeNewswire
"Global and China OEMs and Suppliers' Embodied Artificial Intelligence and AI Robot Layout Trends Report, 2024-2025 Featuring Layout of 9 OEMs in EAI, and 13 Industry Chain Suppliers","Dublin, April 07, 2025 (GLOBE NEWSWIRE) -- The ""OEMs and Suppliers' Embodied Artificial Intelligence (and AI Robot) Layout Trend Report, 2024-2025"" report has been added to ResearchAndMarkets.com's offering.From Automobiles to Embodied Artificial Intelligence…","Dublin, April 07, 2025 (GLOBE NEWSWIRE) -- The ""OEMs and Suppliers' Embodied Artificial Intelligence (and AI Robot) Layout Trend Report, 2024-2025"" report has been added to ResearchAndMarkets.com's o… [+10580 chars]",2025-04-07T08:48:00Z,GlobeNewswire
Building Resilient Communities: Insights from the 2025 Infrastructure Report Card,Learn how geospatial data and maps are helping to tell the story of the 2025 Infrastructure Report Card.,"Infrastructure is essential for the functioning of cities and communities across America. It ensures safety and supports daily activities, like driving over bridges or flying to destinations. The qua… [+5401 chars]",2025-04-02T13:00:32Z,Esri.com
10 AI healthcare trends to watch in 2025 and beyond,"AI is redefining the healthcare sector, with hospitals, health systems and large medical practices incorporating AI technologies into clinical and administrative workflows.","If it seems like artificial intelligence dominates healthcare headlines, it's with good reason. AI in healthcare is on track for rapid growth; research firm MarketsandMarkets, for example, has predic… [+8861 chars]",2025-04-07T15:23:00Z,Techtarget.com
"Grid-Scale Electricity Storage Technologies Market Report 2025, with Profiles of Leading Companies Tesla, Sungrow, CRRC, Fluence Energy, Beijing HyperStrong Technology, Gotion and more","Dublin, April 07, 2025 (GLOBE NEWSWIRE) -- The ""Grid-Scale Electricity Storage Technologies Market"" report has been added to ResearchAndMarkets.com's offering.","Dublin, April 07, 2025 (GLOBE NEWSWIRE) -- The ""Grid-Scale Electricity Storage Technologies Market"" report has been added to ResearchAndMarkets.com's offering.
This report provides an analysis of th… [+11474 chars]",2025-04-07T13:21:00Z,GlobeNewswire
Algorithmic Trading Market Research Report 2025-2030: Regional Market Trends Highlight Diverse Adoption Rates and Regulatory Approaches in Algorithmic Trading,Strategic Partnerships Between Traditional Financial Institutions and Fintech Firms Drive Algorithmic Trading Growth Strategic Partnerships Between Traditional Financial Institutions and Fintech Firms Drive Algorithmic Trading Growth,"Dublin, April 02, 2025 (GLOBE NEWSWIRE) -- The ""Algorithmic Trading Market by Trading Type (Bonds, Cryptocurrencies, Exchange-Traded Funds), Component (Services, Solutions), Deployment, Organisation … [+12758 chars]",2025-04-02T08:09:00Z,GlobeNewswire
Dave Vellante’s Breaking Analysis: The complete collection,"Breaking Analysis is a weekly editorial program combining knowledge from SiliconANGLE’s theCUBE with spending data from Enterprise Technology Research. Branded as theCUBE Insights, Powered by ETR, the program is our opportunity to share independent, unfiltere…","Breaking Analysis is a weekly editorial program combining knowledge from SiliconANGLEs theCUBE with spending data from Enterprise Technology Research.
Branded as theCUBE Insights, Powered by ETR, th… [+182839 chars]",2025-04-05T10:33:12Z,SiliconANGLE News
3D Scanners Global Report 2025: Market to Reach $8.8 Billion by 2030 as Wider Adoption of 3D Scanners Still Faces Certain Roadblocks,"This global report on 3D Scanners analyzes the market based on scanner type, installation type, range, application and end-use sector for regional and country markets from 2021 to 2030 in terms of market value in US$. In addition to providing profiles of majo…","Dublin, April 02, 2025 (GLOBE NEWSWIRE) -- The ""3D Scanners - A Global Market Overview"" report has been added to ResearchAndMarkets.com's offering.
The global demand for 3D Scanners is projected to … [+5937 chars]",2025-04-02T13:30:00Z,GlobeNewswire
Auto Parts And Accessories Global Industry Business Report 2025: Market to Reach $2.4 Trillion by 2030 - China Forecasted to Grow at an Impressive 4.8% CAGR,"Understand the significant growth trajectory of the Driveline & Powertrain segment, which is expected to reach US$736.2 Billion by 2030 with a CAGR of a 3.3%. The Interiors & Exteriors segment is also set to grow at 2.4% CAGR over the analysis period. Gain in…","Dublin, April 07, 2025 (GLOBE NEWSWIRE) -- The ""Auto Parts And Accessories - Global Strategic Business Report"" report has been added to ResearchAndMarkets.com's offering.
The global market for Auto … [+8768 chars]",2025-04-07T10:11:00Z,GlobeNewswire
"Growth Trends, Competitive Strategies and Forecasts 2025-2033: Advancements in Additive Manufacturing, Growing Demand in Automotive and Aerospace, High Initial Investments","Powder Metallurgy Market growth is driven by several factors, including the increasing adoption of the process in the automotive and aerospace sectors where there is a high demand for precise and efficient components. The automotive industry utilizes powder m…","Dublin, April 07, 2025 (GLOBE NEWSWIRE) -- The ""Powder Metallurgy Market Size, Market Share, Application Analysis, Regional Outlook, Growth Trends, Key Players, Competitive Strategies and Forecasts, … [+11750 chars]",2025-04-07T14:33:00Z,GlobeNewswire
"[Latest] Global Electric Skateboard Market Size/Share Worth USD 3.41 Billion by 2034 at a 5.12% CAGR: Custom Market Insights (Analysis, Outlook, Leaders, Report, Trends, Forecast, Segmentation, Growth, Growth Rate, Value)","[220+ Pages Latest Report] According to a market research study published by Custom Market Insights, the demand analysis of Global Electric Skateboard Market size & share revenue was valued at approximately USD 2.07 Billion in 2024 and is expected to reach US…","Austin, TX, USA, April 01, 2025 (GLOBE NEWSWIRE) -- Custom Market Insights has published a new research report titled Electric Skateboard Market Size, Trends and Insights By Type (Belt Driven Electri… [+24775 chars]",2025-04-01T16:30:00Z,GlobeNewswire
"Tyton Partners and Ufi Ventures Release 2025 Annual VocTech Market Report: Policy Inflection, Skills Gaps, and AI Transformations Define the Future of Workforce Development","Tyton Partners and Ufi Ventures Release 2025 Annual VocTech Market Report: Policy Inflection, Skills Gaps, and AI Transformations Define the Future of......","LONDON, April 03, 2025 (GLOBE NEWSWIRE) -- Tyton Partners, the leading strategy consultancy and investment advisor in global education, and Ufi Ventures, the UK's specialist investor in vocational te… [+3440 chars]",2025-04-03T05:00:00Z,GlobeNewswire
Coface SA: Coface announces the publication of its 2024 Universal Registration Document,"Coface announces the publication of its 2024 Universal Registration Document  Paris, 4 April 2025 – 17.45   Communication setting out the arrangements...","Coface announces the publication of its 2024 Universal Registration Document
Paris, 4 April 2025 17.45 
Communication setting out the arrangements for the supplying of the Universal Registration Do… [+3895 chars]",2025-04-04T15:45:00Z,GlobeNewswire
"European Automotive Aftermarkets Competitive Benchmark Report 2025: Individual Assessment of 108 Companies Including Aas Automotive, S.R.O., Aptiv Technology Services & Solutions S.R.L. and Borgwarner","Dublin, April 03, 2025 (GLOBE NEWSWIRE) -- The ""European Automotive Aftermarkets - Industry Report"" report has been added to ResearchAndMarkets.com's offering.The Automotive Aftermarkets (European) report provides a detailed overview of the market and deliver…","Dublin, April 03, 2025 (GLOBE NEWSWIRE) -- The ""European Automotive Aftermarkets - Industry Report"" report has been added to ResearchAndMarkets.com's offering.
The Automotive Aftermarkets (European)… [+4754 chars]",2025-04-03T13:02:00Z,GlobeNewswire
"Flat Glass Market Global Forecast to 2030, with Key Players Taiwan Glass, CSG, Fuyao Group, Nippon Sheet Glass, Saint-Gobain, Sisecam, Central Glass Co., AGC, Trulite, Schott, Vitro, Cevital and more","Dublin, April 07, 2025 (GLOBE NEWSWIRE) -- The ""Flat Glass Market by Technology, Type and End-Use Industry - Global Forecast to 2030"" report has been added to ResearchAndMarkets.com's offering.","Dublin, April 07, 2025 (GLOBE NEWSWIRE) -- The ""Flat Glass Market by Technology, Type and End-Use Industry - Global Forecast to 2030"" report has been added to ResearchAndMarkets.com's offering.
This… [+9786 chars]",2025-04-07T15:18:00Z,GlobeNewswire
"Asia Pacific Mining Equipment Market Outlook to 2030: Growth in Electric and Hybrid Mining Equipment, Integration of Digital Technologies and Smart Mining Solutions","Dublin, April 01, 2025 (GLOBE NEWSWIRE) -- The ""Asia Pacific Mining Equipment Market Outlook, 2030"" report has been added to ResearchAndMarkets.com's offering.The Asia Pacific mining equipment market is poised for robust growth, projected to exceed a 6.58% CA…","Dublin, April 01, 2025 (GLOBE NEWSWIRE) -- The ""Asia Pacific Mining Equipment Market Outlook, 2030"" report has been added to ResearchAndMarkets.com's offering.
The Asia Pacific mining equipment mark… [+5896 chars]",2025-04-01T11:37:00Z,GlobeNewswire
"U.S. Milk Powder Market Size, Companies and Shares Analysis (2025-2033) Featuring Dairy Farmers of America, Darigold, Cargill Corp., The Kraft Heinz Company, Conagra Brands & More","Dublin, April 02, 2025 (GLOBE NEWSWIRE) -- The ""United States Milk Powder Market Size and Share Analysis - Growth Trends and Forecast Report 2025-2033"" report has been added to ResearchAndMarkets.com's offering.The United States Milk Powder market is expected…","Dublin, April 02, 2025 (GLOBE NEWSWIRE) -- The ""United States Milk Powder Market Size and Share Analysis - Growth Trends and Forecast Report 2025-2033"" report has been added to ResearchAndMarkets.com… [+7920 chars]",2025-04-02T08:23:00Z,GlobeNewswire
"Vietnam $2.64 Bn Two-Wheeler Tire Market Trends, Competition, Forecast and Opportunities, 2030F","Dublin, April 04, 2025 (GLOBE NEWSWIRE) -- The ""Vietnam Two-Wheeler Tire Market, By Region, Competition, Forecast and Opportunities, 2020-2030F"" report has been added to ResearchAndMarkets.com's offering.The Vietnam Two-Wheeler Tire Market was valued at USD 1…","Dublin, April 04, 2025 (GLOBE NEWSWIRE) -- The ""Vietnam Two-Wheeler Tire Market, By Region, Competition, Forecast and Opportunities, 2020-2030F"" report has been added to ResearchAndMarkets.com's offe… [+9000 chars]",2025-04-04T11:47:00Z,GlobeNewswire
"Global Silicon Photonics Market Report 2025-2035 | Emerging Applications of Quantum Computing, LiDAR for AVs & AI Accelerators Leading Future Growth","Dublin, April  04, 2025  (GLOBE NEWSWIRE) -- The ""Global Silicon Photonics Market 2025-2035"" report has been added to  ResearchAndMarkets.com's offering. ...","Dublin, April 04, 2025 (GLOBE NEWSWIRE) -- The ""Global Silicon Photonics Market 2025-2035"" report has been added to ResearchAndMarkets.com's offering.
The silicon photonics market represents a trans… [+12700 chars]",2025-04-04T14:01:00Z,GlobeNewswire
"ZenaTech Closes Second Southeast Region Acquisition, Wallace Surveying Corporation, Set to Become the Third Acquisition to Power Its National Drone as a Service (DaaS) Business","VANCOUVER, British Columbia, April 03, 2025 (GLOBE NEWSWIRE) — ZenaTech, Inc. (Nasdaq: ZENA) (FSE: 49Q) (BMV: ZENA) (“ZenaTech”), a technology company specializing in AI (Artificial Intelligence) drone, Drone-as-a-Service (DaaS), enterprise SaaS and Quantum C…","Author of the article:
Article content
VANCOUVER, British Columbia, April 03, 2025 (GLOBE NEWSWIRE) ZenaTech, Inc. (Nasdaq: ZENA) (FSE: 49Q) (BMV: ZENA) (ZenaTech), a technology company specializin… [+11326 chars]",2025-04-03T12:04:10Z,Financial Post
"Alliancebernstein L.P. Trims Stock Position in CoStar Group, Inc. (NASDAQ:CSGP)","Alliancebernstein L.P. trimmed its stake in shares of CoStar Group, Inc. (NASDAQ:CSGP – Free Report) by 0.1% in the fourth quarter, according to its most recent 13F filing with the Securities and Exchange Commission. The firm owned 468,401 shares of the techn…","Alliancebernstein L.P. trimmed its stake in shares of CoStar Group, Inc. (NASDAQ:CSGP – Free Report) by 0.1% in the fourth quarter, according to its most recent 13F filing with the Securities and Exc… [+6163 chars]",2025-04-07T09:41:29Z,ETF Daily News
Military Aviation MRO: Adapting to the Demands of a Modern Military Landscape,"MRO represents the unseen yet vital infrastructure that ensures the global defense aviation fleet remains mission-ready. MRO services for military aircraft go far beyond routine checks - they involve meticulous inspections, specialized repairs, and comprehens…","Dublin, April 01, 2025 (GLOBE NEWSWIRE) -- The ""Military Aviation MRO - Global Strategic Business Report"" has been added to ResearchAndMarkets.com's offering.
The global market for Military Aviation… [+9718 chars]",2025-04-01T15:30:00Z,GlobeNewswire
"Vascular Closure Device Market Size Projected to Grow to USD 3.03 Billion by 2030, Fuelled by Cardiovascular Disease Prevalence and Minimally Invasive Trends - The Insight Partners","The global vascular closure device market share is projected to grow from USD 1.73 billion in 2022 to USD 3.03 billion by 2030, driven by the increasing prevalence of cardiovascular diseases and the rising demand for minimally invasive procedures. Innovations…","US &amp; Canada, April 03, 2025 (GLOBE NEWSWIRE) -- US &amp; Canada, Apr, 01, 2025 (GlobeNewswire) -- According to a comprehensive report from The Insight Partners, Vascular Closure Device Market Siz… [+8855 chars]",2025-04-03T11:41:00Z,GlobeNewswire
ZeboZAP Launches No-Drill Mounts for Easy Outdoor Installation,"ZeboZAP introduces no-drill mounting solutions for TVs, heaters, and fans, offering secure installation without damaging surfaces. Ideal for renters and homeowners, these versatile mounts simplify outdoor equipment setup.","ZeboZAP introduces no-drill mounting solutions for TVs, heaters, and fans, offering secure installation without damaging surfaces. Ideal for renters and homeowners, these versatile mounts simplify ou… [+3947 chars]",2025-04-03T20:56:00Z,GlobeNewswire
"U.S. Retail Market Research Report 2025 - Consumer Trends, Channels, and Leading Retailers - China-Affiliated Competitors Reset the Landscape for Retail E-Commerce in the U.S.","Dublin, April 01, 2025 (GLOBE NEWSWIRE) -- The ""Retail in the US"" report has been added to ResearchAndMarkets.com's offering.In September 2024, the US Federal Reserve lowered the federal funds rate for the first time since March 2020, signalling a near end to…","Dublin, April 01, 2025 (GLOBE NEWSWIRE) -- The ""Retail in the US"" report has been added to ResearchAndMarkets.com's offering.
In September 2024, the US Federal Reserve lowered the federal funds rate… [+23612 chars]",2025-04-01T08:13:00Z,GlobeNewswire
Boom or Bust: Can Taiwan Secure the Energy Supplies It Needs to Meet Its High-Tech Aspirations?,,"Taiwan in the Indo-Pacific Region hosting Boom or Bust: Can Taiwan Secure the Energy Supplies It Needs to Meet Its High-Tech Aspirations? on Thursday, April 10, 2025 from 2:30-5:30 pm PT at Shultz Au… [+5589 chars]",2025-04-01T00:00:00Z,Hoover.org
"Console Gaming Market Report 2025 - Remakes, Remasters and Indie Games Power the Future of the $79 Billion Console Gaming Market","Dublin, April 07, 2025 (GLOBE NEWSWIRE) -- The ""Strategic Intelligence: Console Gaming"" report has been added to ResearchAndMarkets.com's offering.The global console games market was worth $52 billion in 2023 and will generate $79 billion in 2030, according t…","Dublin, April 07, 2025 (GLOBE NEWSWIRE) -- The ""Strategic Intelligence: Console Gaming"" report has been added to ResearchAndMarkets.com's offering.
The global console games market was worth $52 bill… [+6182 chars]",2025-04-07T11:06:00Z,GlobeNewswire
"Dodecanedioic Acid Market Growth Trends, Key Players, and Forecasts, 2025-2033: Growing Demand for High-Performance Polyamides, Biodegradable Plastics Present New Opportunities","Dublin, April 07, 2025 (GLOBE NEWSWIRE) -- The ""Dodecanedioic Acid Market Size, Market Share, Application Analysis, Regional Outlook, Growth Trends, Key Players, Competitive Strategies and Forecasts, 2025 To 2033"" report has been added to ResearchAndMarkets.c…","Dublin, April 07, 2025 (GLOBE NEWSWIRE) -- The ""Dodecanedioic Acid Market Size, Market Share, Application Analysis, Regional Outlook, Growth Trends, Key Players, Competitive Strategies and Forecasts,… [+11514 chars]",2025-04-07T14:41:00Z,GlobeNewswire
"Financial Automation Business Analysis Report 2025: AI-Powered Tools Propel Growth in Decision-Making, Regulatory Compliance Requirements Drive Adoption - Global Market Forecast to 2030","Understand the significant growth trajectory of the Tax Automation segment, which is expected to reach US$6.9 Billion by 2030 with a CAGR of a 13.9%. The Accounting Automation segment is also set to grow at 15.2% CAGR over the analysis period. Gain insights i…","Dublin, April 03, 2025 (GLOBE NEWSWIRE) -- The ""Financial Automation - Global Strategic Business Report"" report has been added to ResearchAndMarkets.com's offering.
The global market for Financial A… [+9260 chars]",2025-04-03T14:23:00Z,GlobeNewswire
"Directed Energy Weapons Market Size to Surpass USD 10.27 billion by 2031, Expanding at a 21.50% CAGR | The Insight Partners","Directed Energy Weapons Market share with major companies operating Lockheed Martin Corporation, Thales Group, L3Harris Technologies, Elbit Systems, Raytheon Technologies Inc, BAE Systems Plc, Moog Inc, Honeywell Aerospace Inc, Boeing, and Rheinmetall AG. Dir…","US &amp; Canada, April 07, 2025 (GLOBE NEWSWIRE) -- According to a new comprehensive report from The Insight Partners, the Global Directed Energy Weapons Market is observing significant growth owing … [+9202 chars]",2025-04-07T14:42:00Z,GlobeNewswire
Kensington Acquires ONE9 Venture Capital Business,"Kensington adds ONE9’s core expertise in National Security technologies to its growing venture capital business TORONTO — Kensington Capital Partners Limited (Kensington) today announced the acquisition of the venture capital investment business of ONE9, the …","Kensington adds ONE9s core expertise in National Security technologies to its growing venture capital business
TORONTO Kensington Capital Partners Limited (Kensington) today announced the acquisitio… [+4345 chars]",2025-04-02T10:09:19Z,Financial Post
"Industrial Noise Control System Market Size Skyrockets to $9.21 Billion by 2031 | CAGR of 6.6%, Dominated by Tech Giants - Kejuruteraan Semangat Maju Sdn Bhd, KOHLHAUER GmbH, NetWell, Noise Control by The Insight Partners","Industrial Noise Control System Market Share research includes key company profiles like eNoiseControl,Kinetics Noise Control, Inc, USG Corp, Knauf Insulation, Sound Seal, Ventac & Co. Ltd, SIAC Pte Ltd, Noise Barriers, ArtUSA Industries, Inc, ATHALYE GROUP, …","US &amp; Canada, April 03, 2025 (GLOBE NEWSWIRE) -- According to a new comprehensive report from The Insight Partners, the global Industrial Noise Control System Market Size and Forecast (2021 - 2031… [+10580 chars]",2025-04-03T13:05:00Z,GlobeNewswire
Cancer Therapeutics Market to Reach $168 Billion by 2029 Driven by Metastatic and Recurrent Cancer Innovations,"The report forecasts global market growth from $116.1 billion in 2024 to $168 billion by 2029 at a CAGR of 7.7%. Highlighting advances in immunotherapy, CAR-T cell therapy, and biomarker-based personalized medicine, the report provides in-depth analysis of ke…","Dublin, April 07, 2025 (GLOBE NEWSWIRE) -- The ""Cancer Therapeutics Market: Emphasis on Recurrent and Metastatic Divisions"" report has been added to ResearchAndMarkets.com's offering.
Both qualitati… [+10857 chars]",2025-04-07T10:19:00Z,GlobeNewswire
Philippines Construction Industry Report 2025: Market to Grow by 8.4% to Reach PHP 1.94 Trillion this Year - Forecasts to 2029,"This report provides a detailed data-centric analysis of the construction sector in Philippines, offering a comprehensive view of market opportunities in the building and infrastructure construction industry at the country level. With over 100+ KPIs covering …","Dublin, April 04, 2025 (GLOBE NEWSWIRE) -- The ""Philippines Construction Industry Databook Series - Market Size &amp; Forecast by Value and Volume, Q1 2025 Update"" report has been added to ResearchAn… [+10871 chars]",2025-04-04T09:01:00Z,GlobeNewswire
Bathroom Vanities Market Size to Reach US$ 52.90 Billion by 2031: In-Depth Research Report by The Insight Partners,"Bathroom Vanities Market Share is Driven by Surge in House Construction and Renovations. Leading companies in the market include Roxor Group Ltd, Bellaterra Home LLC, Caesarstone Ltd, Kohler Co, MasterBrand Cabinets LLC, and others, who are innovating to meet…","US &amp; Canada, April 02, 2025 (GLOBE NEWSWIRE) -- According to a new comprehensive report from The Insight Partners, the global bathroom vanities market is observing significant growth owing to the… [+6567 chars]",2025-04-02T11:28:00Z,GlobeNewswire
"Saudi Arabia HVAC Market - Competition, Forecast and Opportunities Report 2025","Dublin, April 01, 2025 (GLOBE NEWSWIRE) -- The ""Saudi Arabia HVAC Market, By Region, Competition, Forecast and Opportunities, 2020-2030F"" report has been added to ResearchAndMarkets.com's offering.Saudi Arabia's HVAC Market was valued at USD 2.95 Billion in 2…","Dublin, April 01, 2025 (GLOBE NEWSWIRE) -- The ""Saudi Arabia HVAC Market, By Region, Competition, Forecast and Opportunities, 2020-2030F"" report has been added to ResearchAndMarkets.com's offering.
… [+6440 chars]",2025-04-01T15:33:00Z,GlobeNewswire
Spain Construction Industry Report 2025: Market to Grow by 3.9% to Reach €83.51 Billion this Year - Forecast to 2029,"Dublin, April 04, 2025 (GLOBE NEWSWIRE) -- The ""Spain Construction Industry Databook Series - Market Size & Forecast by Value and Volume, Q1 2025 Update"" report has been added to ResearchAndMarkets.com's offering.The construction market in Spain is expected t…","Dublin, April 04, 2025 (GLOBE NEWSWIRE) -- The ""Spain Construction Industry Databook Series - Market Size &amp; Forecast by Value and Volume, Q1 2025 Update"" report has been added to ResearchAndMarke… [+10934 chars]",2025-04-04T08:40:00Z,GlobeNewswire
U.S. Store Cards Market Analysis and Forecast Report 2025-2029 - U.S. Store Cards Struggle as Cobranded and BNPL Options Gain Market Share,"Dublin, April 04, 2025 (GLOBE NEWSWIRE) -- The ""Store Cards in the US"" report has been added to ResearchAndMarkets.com's offering.Competition remains one of the biggest concerns for store cards, both currently, and in the years ahead. Traditional credit cards…","Dublin, April 04, 2025 (GLOBE NEWSWIRE) -- The ""Store Cards in the US"" report has been added to ResearchAndMarkets.com's offering.
Competition remains one of the biggest concerns for store cards, bo… [+5065 chars]",2025-04-04T08:24:00Z,GlobeNewswire
Asia Pacific Construction Industry Report 2025 with 10 Year Cost Structure Analysis,"Dublin, April 04, 2025 (GLOBE NEWSWIRE) -- The ""Asia Pacific Construction Industry Databook Series - Market Size & Forecast by Value and Volume, Q1 2025 Update"" report has been added to ResearchAndMarkets.com's offering.This report provides a detailed data-ce…","Dublin, April 04, 2025 (GLOBE NEWSWIRE) -- The ""Asia Pacific Construction Industry Databook Series - Market Size &amp; Forecast by Value and Volume, Q1 2025 Update"" report has been added to ResearchA… [+10704 chars]",2025-04-04T08:29:00Z,GlobeNewswire
"Personalized Medicine Market Growth Trends 2025-2033: Transition to Customized Medical Care, Developments in Bioinformatics and Genomics, Growing Prevalence of Chronic Diseases","Dublin, April 02, 2025 (GLOBE NEWSWIRE) -- The ""Personalized Medicine Market Size and Share Analysis - Growth Trends and Forecast Report 2025-2033"" report has been added to ResearchAndMarkets.com's offering.Personalized Medicine market is expected to reach US…","Dublin, April 02, 2025 (GLOBE NEWSWIRE) -- The ""Personalized Medicine Market Size and Share Analysis - Growth Trends and Forecast Report 2025-2033"" report has been added to ResearchAndMarkets.com's o… [+11028 chars]",2025-04-02T08:52:00Z,GlobeNewswire
"Used Car Business Report 2025: Global Market to Surpass $25 Billion by 2030 - Affordability, Digital Access, and Sustainability Drive Surge","Understand the significant growth trajectory of the Used SUV segment, which is expected to reach $10.1 Billion by 2030 with a CAGR of a 5.8%. The Used Sedan segment is also set to grow at 5.8% CAGR over the analysis period. Gain insights into the U.S. market,…","Dublin, April 07, 2025 (GLOBE NEWSWIRE) -- The ""Used Car - Global Strategic Business Report"" report has been added to ResearchAndMarkets.com's offering.
The global market for Used Car was valued at … [+6637 chars]",2025-04-07T10:22:00Z,GlobeNewswire
"Singapore Accounting Software Market Report 2025, with Profiles of Xero, QuickBooks, MYOB, Zoho Books, Oracle NetSuite, Volopay, SAP, Osome, Aspire and Tally Solutions",Singapore Sees Promising Growth in Accounting Software Market amidst Ongoing Digital Transformation Singapore Sees Promising Growth in Accounting Software Market amidst Ongoing Digital Transformation,"Dublin, April 07, 2025 (GLOBE NEWSWIRE) -- The ""Singapore Accounting Software Market | Growth, Size, Industry, Analysis, Revenue, Value, Companies, Trends, Share &amp; Forecast: Market Forecast By Co… [+9643 chars]",2025-04-07T11:46:00Z,GlobeNewswire
"Leverage Shares by Themes Launches Three New Single Stock Leveraged ETFs, Bringing Investors Exciting Opportunities to Amplify Exposure to Square (XYZ), Salesforce (CRM), and PayPal (PYPL)","GREENWICH, Conn., April 04, 2025 (GLOBE NEWSWIRE) -- Leverage Shares by Themes, an issuer of innovative exchange-traded products, is thrilled to announce the launch of three new single stock leveraged ETFs, available for trading starting April 4, 2025. These …","GREENWICH, Conn., April 04, 2025 (GLOBE NEWSWIRE) -- Leverage Shares by Themes, an issuer of innovative exchange-traded products, is thrilled to announce the launch of three new single stock leverage… [+7396 chars]",2025-04-04T14:00:00Z,GlobeNewswire
"Italy Watch Market Forecast Report and Company Analysis 2025-2033 Featuring Fossil, Casio, Timex, Rolex, Compagnie Financiere Richemont, Google, Citizen Watch, and Seiko","Italy has a high demand for luxury fashion and accessories, so luxury watches are in great demand among consumers. Top luxury watch brands such as Rolex and Omega and Italian brands such as Bulgari dominate the market. Affluent consumers favor watches that re…","Dublin, April 07, 2025 (GLOBE NEWSWIRE) -- The ""Italy Watch Market Size and Share Analysis - Growth Trends and Forecast Report 2025-2033"" report has been added to ResearchAndMarkets.com's offering.
… [+8737 chars]",2025-04-07T14:20:00Z,GlobeNewswire
"$1.7 Billion Green Water Treatment Chemicals Market Analysis Report 2025: Forecast to Reach $2.25 Billion by 2029, Led by Kemira, Veolia, Ecolab, Kurita, Solenis","Dublin, April 01, 2025 (GLOBE NEWSWIRE) -- The ""Green Water Treatment Chemicals Market by Type (Coagulant & Flocculants, Corrosion & Scale Inhibitors, Biocides & Disinfectants), Source (Plant, Animal, Mineral), Application, End-Use Industry (Municipal, Indust…","Dublin, April 01, 2025 (GLOBE NEWSWIRE) -- The ""Green Water Treatment Chemicals Market by Type (Coagulant &amp; Flocculants, Corrosion &amp; Scale Inhibitors, Biocides &amp; Disinfectants), Source (P… [+9198 chars]",2025-04-01T08:06:00Z,GlobeNewswire
"Tax Tech Market Report 2025-2030, with Wolters Kluwer, H&R Block, Avalara, Vertex, Thomson Reuters, SAP, ADP, Sovos, Intuit, Xero, Taxbit, Taxact, Taxslayer, Token Tax, Taxjar, Picnic Tax and more","Dublin, April 07, 2025 (GLOBE NEWSWIRE) -- The ""Tax Tech Market by Tax Compliance & Reporting (VAT/GST Compliance), Tax Analytics & AI-Driven Solutions (Predictive Analytics, AI-Powered Tax Audits & Risk Assessment), Tax Workflow & Document Management (Tax Do…","Dublin, April 07, 2025 (GLOBE NEWSWIRE) -- The ""Tax Tech Market by Tax Compliance &amp; Reporting (VAT/GST Compliance), Tax Analytics &amp; AI-Driven Solutions (Predictive Analytics, AI-Powered Tax A… [+10047 chars]",2025-04-07T08:18:00Z,GlobeNewswire
"Middle East Construction Industry Databook 2025: Residential, Commercial, Industrial, and Institutional Market Size & Forecast by Value and Volume 2020-2029","Dublin, April 07, 2025 (GLOBE NEWSWIRE) -- The ""Middle East Construction Industry Databook Series - Market Size & Forecast by Value and Volume, Q1 2025 Update"" report has been added to ResearchAndMarkets.com's offering.This report provides a detailed data-cen…","Dublin, April 07, 2025 (GLOBE NEWSWIRE) -- The ""Middle East Construction Industry Databook Series - Market Size &amp; Forecast by Value and Volume, Q1 2025 Update"" report has been added to ResearchAn… [+10665 chars]",2025-04-07T13:41:00Z,GlobeNewswire
"[Latest] Global Synthetic Polyisoprene Rubber Market Size/Share Worth USD 7.75 Billion by 2034 at a 9.05% CAGR: Custom Market Insights (Analysis, Outlook, Leaders, Report, Trends, Forecast, Segmentation, Growth, Growth Rate, Value)","[220+ Pages Latest Report] According to a market research study published by Custom Market Insights, the demand analysis of Global Synthetic Polyisoprene Rubber Market size & share revenue was valued at approximately USD 3.26 Billion in 2024 and is expected t…","Austn, TX, USA, April 07, 2025 (GLOBE NEWSWIRE) -- Custom Market Insights has published a new research report titled Synthetic Polyisoprene Rubber Market Size, Trends and Insights By Product Type (St… [+28707 chars]",2025-04-07T15:30:00Z,GlobeNewswire
2025 Shareholders Meeting Agenda: Proactive Board Oversight Amid Significant Uncertainty and Change,"Board directors once again enter proxy season against a backdrop of significant change. On a broad scale, supply chains and business operations continue to see impact from mounting geopolitical tensions, changing trade, tariff and tax policies, and ongoing pr…","Board directors once again enter proxy season against a backdrop of significant change. On a broad scale, supply chains and business operations continue to see impact from mounting geopolitical tensi… [+25979 chars]",2025-04-07T13:33:29Z,Harvard School of Engineering and Applied Sciences
"[Latest] Global Water Filtration Systems Market Size/Share Worth USD 35.18 Billion by 2034 at a 9.61% CAGR: Custom Market Insights (Analysis, Outlook, Leaders, Report, Trends, Forecast, Segmentation, Growth, Growth Rate, Value)","[220+ Pages Latest Report] According to a market research study published by Custom Market Insights, the demand analysis of Global Water Filtration Systems Market size & share revenue was valued at approximately USD 14.06 Billion in 2024 and is expected to re…","Austin, TX, USA, April 02, 2025 (GLOBE NEWSWIRE) -- Custom Market Insights has published a new research report titled Water Filtration Systems Market Size, Trends and Insights By Product Type (RO Fil… [+25591 chars]",2025-04-02T08:30:00Z,GlobeNewswire
